address,reason,affected_records
臺北市北投區校本部北投區中山路5之12號,無座標,213
臺南市官田區官田工業區工業路40號,無座標,82
臺北市中山區北市中山區吉林路110號,無座標,74
新北市泰山區致遠新村55之1號,無座標,52
臺北市士林區士林區承德路4段177號,無座標,31
臺中市北區東興路3段246號,無座標,24
新北市瑞芳區中山路2號,無座標,22
臺北市北投區北投國小教學點-北投區中央北路1段73號,無座標,19
臺北市北投區凱達格蘭文化館教學點-北投區中山路3之1號,無座標,14
基隆市仁愛區延平街5號,無座標,13
桃園市中平路118號,無座標,12
嘉義市東區民權路28號,無座標,11
高雄市鼓山三路4號,無座標,10
臺北市北投區北投國中教學點-北投區溫泉里溫泉路62號,無座標,8
新竹市東區金城一路65號,無座標,7
高雄市鼎金一巷36號,無座標,7
臺中市南屯區臺中市公益路2段51號,無座標,6
彰化縣溪湖鎮大溪路2段423號,無座標,6
雲林縣元長鄉1612號,無座標,6
屏東縣恆春鎮省北路2段439號,無座標,5
臺北市中山區北市復興北路430巷1號,無座標,5
臺北市萬華區莒光路315號,無座標,5
臺南市永康區鹽和街244號,無座標,5
屏東縣里港鄉永春村民生路24之2號,無座標,5
臺中市大甲區文武路10號,無座標,5
臺北市北投區關渡國中教學點-北投區關渡里知行路212號,無座標,5
桃園市中壢區32056新生路2段421號,無座標,4
臺北市中山區北市松江路70巷11號,無座標,4
高雄市前鎮區三多二路9號,無座標,4
臺中市西屯區臺中市西屯區文華路100號,無座標,4
雲林縣北港鎮北港鎮華勝路445巷18號,無座標,4
雲林縣林內鄉新興路81號,無座標,4
高雄市田寮區廟後巷2號,無座標,4
苗栗縣苑裡鎮育才街100號,無座標,4
嘉義市大同路100號,無座標,3
宜蘭縣宜蘭市宜蘭縣宜蘭市中山路3段3號,無座標,3
新竹縣竹東鎮新竹縣竹東鎮中興路3段114號,無座標,3
桃園市桃園區廈門街62號,無座標,3
臺南市官田區官田區工業路40號,無座標,3
新竹市東區新竹市東區大學路1001號,無座標,3
臺南市安南區布袋路60號,無座標,3
臺南市安南區鹽安路28號,無座標,3
新北市坪林區坪林街101號,無座標,3
高雄市林園區東林西路364巷74號,無座標,3
高雄市美濃區永安路341號,無座標,3
苗栗縣通霄鎮通東里中正路8號,無座標,3
宜蘭縣頭城鎮纘祥路39號,無座標,3
屏東縣竹田鄉豐明路23號,無座標,3
臺北市內湖區內湖區湖興里民權東路6段99號,無座標,3
臺南市佳里區安西里118之3號,無座標,3
臺南市靠近新市區大社里大社關懷據點-大社里605號,無座標,3
臺南市麻豆區大埕里65號,無座標,3
臺南市麻豆區油車里18號,無座標,3
嘉義縣竹崎鄉387巷28號,無座標,2
屏東縣恆春鎮四溝里大平頂段下大平頂小段203之3號,無座標,2
屏東縣恆春鎮恆南路11巷2弄2號,無座標,2
屏東縣東港鎮興東里47之1號,無座標,2
彰化縣彰化市建興路1號,無座標,2
新北市三峽區介壽路2段138巷88號,無座標,2
新竹市北區湳雅街84號,無座標,2
桃園市大溪區月眉15鄰105號,無座標,2
桃園市觀音區白玉里玉林路1段180號,無座標,2
臺中市南屯區大墩6街319巷41號,無座標,2
臺北市中山區長安西路33號,無座標,2
臺北市文山區文山區福興路80號,無座標,2
臺南市善化區南科三路26號,無座標,2
臺南市安南功安一街162號,無座標,2
臺南市安南區安和路4段533巷94號,無座標,2
臺南市鹽水區朝琴路137號,無座標,2
高雄市緯十一路17號,無座標,2
臺南市東區臺南市東區大學路1號,無座標,2
高雄市苓雅區高雄市苓雅區中正二路30號,無座標,2
臺中市潭子區中山路2段31號,無座標,2
新北市坪林區坪林街114號,無座標,2
新北市板橋區成都街30號,無座標,2
嘉義縣竹崎鄉內埔村崁腳1號,無座標,2
彰化縣大城鄉東平路36號,無座標,2
新竹市東區民享一街112號,無座標,2
臺南市善化區南129鄉道23號,無座標,2
臺南市麻豆區總榮里81號,無座標,2
雲林縣褒忠鄉褒忠鄉新湖村新湖2之3號,無座標,2
雲林縣西螺鎮光復西路69號,無座標,2
高雄市楠梓區宏毅二路52號,無座標,2
嘉義縣民雄鄉北勢仔17號,無座標,2
宜蘭縣冬山鄉光明路55號,無座標,2
屏東縣恆春鎮恆南路158號,無座標,2
彰化縣伸港鄉曾家村曾家路72號,無座標,2
彰化縣和美鎮竹社路123號,無座標,2
臺中市大甲區德興路65號,無座標,2
臺北市內湖區內湖區五分街6號,無座標,2
臺北市內湖區南港區南港里南港路1段350號,無座標,2
臺北市內湖區南港區南港里市民大道8段367號,無座標,2
臺南市佳里區下營里頂?117號,無座標,2
臺南市南化區227號,無座標,2
臺南市南化區南化里172之1號,無座標,2
臺南市善化區東勢寮東隆里186之5號,無座標,2
臺南市善化區東隆里186之5號,無座標,2
臺南市安南區安西一街26號,無座標,2
臺南市柳營區226之1號,無座標,2
臺南市白河區中山路124號,無座標,2
臺南市麻豆區磚井里139之17號,無座標,2
花蓮縣莊敬路7號,無座標,2
苗栗縣三義鄉雙湖村17鄰106之2號,無座標,2
雲林縣西螺鎮埤頭里1之1號,無座標,2
高雄市新生路1號,無座標,2
高雄市高雄市小港區平治街42號,無座標,2
高雄市鳥松區?埔路4巷10號,無座標,2
南投縣信義鄉南投縣信義鄉地利村開信巷1之1號,無座標,1
南投縣南投市南投縣南投市民生街33之3號,無座標,1
嘉義縣大林鎮大美里33號,無座標,1
嘉義縣大林鎮東榮路50號,無座標,1
屏東縣滿州鄉公館路42號,無座標,1
彰化縣員林市員集路2段244巷119號,無座標,1
彰化縣員林市彰化縣員林市中山路2段109號,無座標,1
彰化縣員林市林森路396號,無座標,1
彰化縣大城鄉永鎮路12號,無座標,1
彰化縣大城鄉臺西村順應路4號,無座標,1
彰化縣大城鄉西港村永鎮路35號,無座標,1
彰化縣田中鎮大崙里大安路2段318號,無座標,1
彰化縣線西鄉塭仔村塭仔路141號,無座標,1
彰化縣鹿港鎮彰化縣鹿港鎮中正路588號,無座標,1
新北市三重區新北市三重區重陽路1段120巷8號,無座標,1
新北市五股區五股區五權路17號,無座標,1
新竹市光復路2段110號,無座標,1
新竹市東區東大路1段116之1號,無座標,1
新竹市東區金城二路12號,無座標,1
新竹縣竹北巿東興路1段769巷66之1號,無座標,1
新竹縣竹北市縣政10街46號,無座標,1
新竹縣竹北市縣政11街92號,無座標,1
新竹縣竹北市自强南路281號,無座標,1
桃園市桃園區桃園市桃園區南華街60號,無座標,1
桃園市桃園區桃園市桃園區復興路180號,無座標,1
桃園市楊梅區幼獅工業區青年路3號,無座標,1
桃園市楊梅區高平路430號,無座標,1
桃園市蘆竹忠孝西路37號,無座標,1
桃園市龜山區壽山路84巷60弄11之1號,無座標,1
臺中市南區五權南路195號,無座標,1
臺中市南區臺中市南區興大路145號,無座標,1
臺中市大雅區⼤雅區中科路6號,無座標,1
臺中市沙鹿區臺中市沙鹿區四平街62號,無座標,1
臺中市西區臺中市民生路227號,無座標,1
臺中市西屯區臺中市西屯區科園路21號,無座標,1
臺中市豐原區中山路442號,無座標,1
臺北市大安區杭州南路2段2號,無座標,1
臺北市大安區臺北市大安區復興南路1段390號,無座標,1
臺北市文山區景中街29號,無座標,1
臺北市松山區八德路4段748號,無座標,1
臺南市北區臺南市北區西門路4段367號,無座標,1
臺南市南區臺南市南區南門路261號,無座標,1
苗栗縣三義鄉雙潭村106之2號,無座標,1
苗栗縣後龍鎮後龍鎮豐富里新港六路13鄰169號,無座標,1
苗栗縣苑裡鎮南房里南房2鄰14號,無座標,1
苗栗縣苗栗市苗栗縣苗栗市縣府路102號,無座標,1
雲林縣土庫鎮宮北里中山路204號,無座標,1
雲林縣臺西鄉海口村中山路293號,無座標,1
雲林縣褒忠鄉中勝路65之7號,無座標,1
高雄市前鎮區高雄市前鎮區廣東三街73號,無座標,1
高雄市後勁國小【高雄市楠梓區加昌路216號,無座標,1
高雄市林園區林園北路191號,無座標,1
臺南市六甲區民權路43號,無座標,1
南投縣集集?吳厝里民生路63之19號,無座標,1
嘉義縣大林鎮13巷7號,無座標,1
嘉義縣大林鎮明和里甘蔗崙72號,無座標,1
嘉義縣大林鎮蘭州街56號,無座標,1
嘉義縣太保鄉崙子頂21號,無座標,1
嘉義縣新港鄉18鄰71之3號,無座標,1
嘉義縣朴子市大鄉里大?榔956號,無座標,1
嘉義縣水上鄉市政街35號,無座標,1
嘉義縣竹崎鄉19鄰3號,無座標,1
嘉義縣臺灣嘉義縣竹崎鄉中正路96號,無座標,1
基隆市中山區121號,無座標,1
基隆市信義區仁壽里信二路249號,無座標,1
基隆市基龍是東新街3號,無座標,1
基隆市安樂區2段164號,無座標,1
基隆市案樂區2段164號,無座標,1
宜蘭縣五結鄉舊街一路80號,無座標,1
宜蘭縣五結鄉舊街二路88號,無座標,1
宜蘭縣冬山鄉照安2路418巷19號,無座標,1
宜蘭縣員山鄉員山路3段316號,無座標,1
屏東縣恆春鎮恆公路903號,無座標,1
屏東縣恆春鎮恆南路11巷2弄8號,無座標,1
屏東縣恆春鎮恆南路125巷32號,無座標,1
屏東縣新埤鄉打鐵村興東路138號,無座標,1
屏東縣牡丹鄉石門村18號,無座標,1
屏東縣獅子鄉楓林村二巷26號,無座標,1
屏東縣瑪家鄉佳義村泰平巷77之3號,無座標,1
屏東縣里港鄉永豐村永豐路1段1號,無座標,1
屏東縣高樹鄉高樹村建源路25號,無座標,1
彰化縣二林鎮二林鎮溝頭巷51號,無座標,1
彰化縣二水鄉光化村一巷2號,無座標,1
彰化縣伸港鄉六塊寮26號,無座標,1
彰化縣公園路2段301號,無座標,1
彰化縣和美鎮晉北路458號,無座標,1
彰化縣埤頭鄉安康街78號,無座標,1
彰化縣田中鎮新民里五福街92之1號,無座標,1
彰化縣田中鎮東發路100巷36之1號,無座標,1
彰化縣田中鎮田中鎮西路街24號,無座標,1
彰化縣線西鄉頂犁村頂犁?48之1號,無座標,1
彰化縣鹿港鎮頂厝里舊港巷26之12號,無座標,1
新北市三峽區介壽路2段138巷98號,無座標,1
新北市三峽區學成路389號,無座標,1
新北市三重區仁義街228巷12號,無座標,1
新北市中正路18號,無座標,1
新北市五股區新北市五股區五權路17號,無座標,1
新北市五股成泰路2段49弄15號,無座標,1
新北市土城區學府路1段129之125號,無座標,1
新北市樹林區保安街1段289巷3號,無座標,1
新北市汐止區褔德一路232號,無座標,1
新北市淡水新民街1段138巷7號,無座標,1
新北市雙溪區梅竹蹊路3號,無座標,1
新竹市中正路521號,無座標,1
新竹市東區新莊里關新北路149號,無座標,1
新竹市東區東園里八德路155號,無座標,1
新竹市東區科學園路95號,無座標,1
新竹市湳雅街89號,無座標,1
新竹縣湖口鄉吉祥街43號,無座標,1
新竹縣竹北市博愛街771號,無座標,1
新竹縣竹東鎮自強路3段272巷54號,無座標,1
桃園市大溪區仁愛里廟前6之1號,無座標,1
桃園市富岡中華街45號,無座標,1
桃園市忠勇街12號,無座標,1
桃園市桃園區民權路32號,無座標,1
桃園市龍潭區成功路190巷227號,無座標,1
臺中市南屯區大墩11街518號,無座標,1
臺中市南屯區文山南路301號,無座標,1
臺中市南屯區東興路3段260號,無座標,1
臺中市南屯區溫泉路228號,無座標,1
臺中市和平區東關路1段松鶴3巷10號,無座標,1
臺中市大甲區德化里和平路290號,無座標,1
臺中市大里區新仁路2段42號,無座標,1
臺中市東勢區中寧里匠寮巷52號,無座標,1
臺中市東勢區中正路206號,無座標,1
臺中市東勢區南平里南片巷100之1號,無座標,1
臺中市東勢區第五橫街1號,無座標,1
臺中市沙鹿區中清路7段168號,無座標,1
臺中市霧峰區六股路51號,無座標,1
臺北市內湖區北投區長安里光明路251號,無座標,1
臺北市北投區淳覺植饌咖啡坊教學點-北投區育仁路16號,無座標,1
臺北市士林區平菁街102號,無座標,1
臺北市大同區延平北路2段247號,無座標,1
臺北市大安區吉利分館--臺北市北投區立農街1段366號,無座標,1
臺北市大安區大直分館--臺北市中山區大直街25號,無座標,1
臺南市仁德區文化路2段358巷201弄9之2號,無座標,1
臺南市佳里區番仔寮66之1號,無座標,1
臺南市南市安南區海環街84號,無座標,1
臺南市大內區環湖里56號,無座標,1
臺南市官田區官田里11號,無座標,1
臺南市後壁區195號,無座標,1
臺南市新化區山?里78號,無座標,1
臺南市永康區永大路1段287巷16號,無座標,1
臺南市麻豆區北勢里尪祖廟41號,無座標,1
臺南市麻豆區南勢里36?204號,無座標,1
臺南市麻豆區新生北路676號,無座標,1
臺南市麻豆區關帝廟23號,無座標,1
臺南市龍崎區21號,無座標,1
臺東縣達仁鄉臺?村1鄰5之1號,無座標,1
臺東縣關山鎮忠孝路18號,無座標,1
花蓮縣化仁國小--花蓮縣吉安鄉村東里11街83號,無座標,1
花蓮縣吉安鄉仁里村仁里5街1號,無座標,1
花蓮縣嘉里國小--花蓮縣新城鄉嘉里三街28號,無座標,1
花蓮縣新城鄉新城村新興1街62號,無座標,1
花蓮縣明恥國小--花蓮市中興路41號,無座標,1
花蓮縣花蓮鳳林鎮中華路2號,無座標,1
花蓮縣黑以妮手作幸福工坊--花蓮市中美11街15號,無座標,1
苗栗縣三義鄉雙湖村106號,無座標,1
苗栗縣三義鄉雙湖村17鄰106號,無座標,1
苗栗縣獅潭鄉46號,無座標,1
苗栗縣竹南鎮育才路6號,無座標,1
苗栗縣苑裡鎮舊社里10鄰47號,無座標,1
苗栗縣苗栗?通霄?中正路2巷9號,無座標,1
苗栗縣苗栗县通霄镇中正路2巷9號,無座標,1
苗栗縣苗栗市僑育北街62號,無座標,1
苗栗縣苗栗市啟賢街126號,無座標,1
苗栗縣苗栗市國華路1279號,無座標,1
苗栗縣苗栗市維新里僑育北街62號,無座標,1
苗栗縣通霄鎮烏眉里3鄰39號,無座標,1
苗栗縣造橋鄉鄉造橋村14鄰1號,無座標,1
苗栗縣頭份市東庄里八德一路66號,無座標,1
苗栗縣頭份市流東里老崎一之1號,無座標,1
金門縣烈嶼鄉西方村69號,無座標,1
金門縣金城鎮民權路90之6號,無座標,1
金門縣金城鎮金城鎮西海路3段86號,無座標,1
金門縣金寧鄉仁愛新?1號,無座標,1
金門縣金寧鄉仁愛新村1號,無座標,1
金門縣金寧鄉盤山村伯玉路2段460號,無座標,1
雲林縣元長鄉元西路5號,無座標,1
雲林縣元長鄉元西路74巷1號,無座標,1
雲林縣元長鄉子茂村14號,無座標,1
雲林縣元長鄉頂山路17之25號,無座標,1
雲林縣元長鄉龍岩村龍岩路29號,無座標,1
雲林縣北港鎮北辰路一1號,無座標,1
雲林縣古坑鄉西平村中山路135號,無座標,1
雲林縣大埤鄉嘉興村30號,無座標,1
雲林縣崙背鄉東興路1號,無座標,1
雲林縣斗南鎮林子路121號,無座標,1
雲林縣林內鄉三星路9之2號,無座標,1
雲林縣臺西鄉五港路100之2號,無座標,1
雲林縣臺西鄉民權路24號,無座標,1
雲林縣虎尾鎮北溪里北溪路10之2號,無座標,1
雲林縣虎尾鎮堀頭里87之2號,無座標,1
雲林縣虎尾鎮西屯里228之5號,無座標,1
雲林縣西螺鎮永安里大同路120號,無座標,1
雲林縣西螺鎮河南里河南58之2號,無座標,1
雲林縣西螺鎮社口88號,無座標,1
雲林縣麥寮鄉7鄰69之1號,無座標,1
雲林縣麥寮鄉橋頭路247號,無座標,1
高雄市三民區鼎山區611號,無座標,1
高雄市三民區龍?路15之1號,無座標,1
高雄市三民裕誠路1號,無座標,1
高雄市仁武區澄新四街28號,無座標,1
高雄市內門區內豐村140之1號,無座標,1
高雄市六龜區光明巷44號,無座標,1
高雄市前鎮區新生路1號,無座標,1
高雄市前鎮區高雄市前鎮區凱旋四路105號,無座標,1
高雄市左營區南大路4號,無座標,1
高雄市左營區崇信路215號,無座標,1
高雄市左營區建業新村緯十一路17號,無座標,1
高雄市左營區新莊仔路30號,無座標,1
高雄市左營區果峰街8號,無座標,1
高雄市杉?區大愛?和氣街150巷12號,無座標,1
高雄市楠梓區土庫八街277號,無座標,1
高雄市楠梓區宏毅二路南12巷2號,無座標,1
高雄市楠梓區後勁東路22號,無座標,1
高雄市橋頭區橋頭火車站1號,無座標,1
高雄市橋頭區興堂路2巷14號,無座標,1
高雄市永安區光明九巷34號,無座標,1
高雄市澄新四街28號,無座標,1
高雄市美濃區民族路79號,無座標,1
高雄市美濃區雙峰街18號,無座標,1
高雄市臺塑六巷21號,無座標,1
高雄市興糖區3巷3號,無座標,1
高雄市雄市旗津區中洲三路623號,無座標,1
高雄市高坪27街328號,無座標,1
高雄市高屏27街328號,無座標,1
高雄市鳥松區仁美里學堂路2號,無座標,1
高雄市鳳山區凱旋路275號,無座標,1
高雄市鳳山區東三巷101號,無座標,1
高雄市鳳山區東五巷117號,無座標,1
