id,Address,Response_Address,Response_X,Response_Y
1,臺北市長安西路37之1號,,,
2,高雄市鳳山區勝國街67號,,,
3,臺北市信義區松仁路158巷1號,,,
4,臺中市西屯區工業區一路100號,,,
5,宜蘭縣宜蘭市復興路2段77號,,,
6,臺北市承德路4段177號,,,
7,彰化縣秀水鄉中山路245號,,,
8,臺中市大甲區和平路223號,,,
9,高雄市三民區市中一路339號,,,
10,臺南市東區林森路2段260號,,,
11,臺北市北投區校本部北投區中山路5之12號,,,
12,臺南市官田區官田工業區工業路40號,,,
13,桃園市楊梅區秀才路851號,,,
14,桃園市龜山區頂興路2號,,,
15,屏東縣屏東市公裕街300號,,,
16,臺南市南區西門路1段306號,,,
17,高雄市前鎮區凱旋四路105號,,,
18,臺北市承德路4段190號,,,
19,新竹市竹蓮街6號,,,
20,桃園市楊梅區新農街337號,,,
21,臺南市安南區安吉路1段207號,,,
22,新北市泰山區致遠新村55之1號,,,
23,桃園市桃園區南華街77號,,,
24,桃園市八德區福國北街220號,,,
25,臺北市士林區承德路4段190號,,,
26,高雄市苓雅區福德三路96號,,,
27,彰化縣二林鎮後厝里長春路637號,,,
28,桃園市楊梅區幼獅路2段3號,,,
29,臺北市士林區士林區承德路4段177號,,,
30,新北市五股區五權路17號,,,
31,臺北市承德路4段192號,,,
32,高雄市左營大路2之2號,,,
33,臺南市官田區工業路40號,,,
34,桃園市楊梅區金龍里26鄰中興路238號,,,
35,臺南市永康區中山東路430號,,,
36,臺北市北投區立農街1段250號,,,
37,新竹市民族路31號,,,
38,桃園市八德區陸光街50巷24號,,,
39,南投縣水里鄉民生路68號,,,
40,臺北市中正區愛國西路9號,,,
41,桃園市中壢區復興路46號,,,
42,臺北市士林區承德路4段192號,,,
43,彰化縣二林鎮五權街92巷25號,,,
44,新北市泰山區明志路2段426號,,,
45,南投縣竹山鎮自強路100號,,,
46,彰化縣彰化市民族路209號,,,
47,新北市板橋區中山路1段293之1號,,,
48,新竹縣竹北市莊敬一路2號,,,
49,臺北市大安區復興南路1段390號,,,
50,臺南市新營區民治路65號,,,
51,新北市板橋區文化路2段242號,,,
52,高雄市三民區中山一路318號,,,
53,高雄市三民區建國二路255號,,,
54,南投縣鹿谷鄉中正路2段174號,,,
55,桃園市桃園區民權路6號,,,
56,高雄市新興區中山二路472號,,,
57,嘉義市民權路278號,,,
58,新竹市田美三街2號,,,
59,桃園市蘆竹區仁愛路1段2號,,,
60,南投縣集集鎮東昌巷4號,,,
61,基隆市中正區平一路21之5號,,,
62,嘉義市蘭井街465號,,,
63,彰化縣員林市林森路127號,,,
64,桃園市中壢區中北路2段434號,,,
65,桃園市平鎮區廣平街1號,,,
66,桃園市楊梅區校前路41號,,,
67,臺北市大同區長安西路33號,,,
68,臺北市大安區建國南路2段231號,,,
69,臺北市松山區基隆路1段8號,,,
70,臺南市中西區民族路2段76之10號,,,
71,臺南市東區中華東路3段18號,,,
72,高雄市慶豐街18號,,,
73,高雄市苓雅區光華一路206號,,,
74,新竹市光復路2段101號,,,
75,桃園市中平路118號,,,
76,桃園市八德區陸光街50巷1號,,,
77,南投縣國姓鄉國姓路237號,,,
78,新竹縣竹北市嘉豐七街145號,,,
79,新竹縣竹北市復興五街62號,,,
80,桃園市桃園區信光路55號,,,
81,臺中市南屯區大墩路693號,,,
82,臺北市中山區民權東路2段206號,,,
83,臺南市北區西門路4段367號,,,
84,嘉義市國華街245號,,,
85,嘉義市垂楊路508號,,,
86,桃園市八德區大安里建安街110號,,,
87,桃園市蘆竹區中正路1號,,,
88,臺中市西屯區工業區三十八路189號,,,
89,臺中市豐原區東仁街138號,,,
90,臺北市中正區忠孝西路1段41號,,,
91,臺北市大同區承德路3段230號,,,
92,臺北市大安區和平東路1段155號,,,
93,臺南市南區新孝路87號,,,
94,高雄市三民區九如二路255號,,,
95,高雄市鼓山三路4號,,,
96,嘉義縣朴子市朴子三路6號,,,
97,桃園市桃園區中山北路42號,,,
98,臺中市北區中清路1段100號,,,
99,臺中市東區樂業一路135巷8號,,,
100,臺北市南港區園區街3號,,,
101,臺北市松山區八德路4段678號,,,
102,臺南市中西區赤嵌街41號,,,
103,臺南市永康區中華路425號,,,
104,臺南市海中街101巷10號,,,
105,苗栗縣苗栗市民族路55號,,,
106,高雄市三民區博愛一路287號,,,
107,高雄市新興區八德一路332號,,,
108,高雄市楠梓區高楠公路1001號,,,
109,高雄市苓雅區中正一路255號,,,
110,高雄市鼓山區中華一路203號,,,
111,宜蘭縣員山鄉員山路3段500巷1號,,,
112,屏東縣恆春鎮中正路60號,,,
113,屏東縣恆春鎮北門路39巷26號,,,
114,屏東縣恆春鎮文化路33號,,,
115,屏東縣東港鎮興東路43之1號,,,
116,彰化縣員林市大同路2段5巷2號,,,
117,彰化縣彰化市民族路267號,,,
118,新北市三重區新北大道1段9號,,,
119,新竹縣竹北市中正東路213號,,,
120,新竹縣竹北市莊敬北路423號,,,
121,桃園市中壢區慈惠三街121號,,,
122,桃園市中壢區自強一路6號,,,
123,桃園市大溪區東二路31號,,,
124,桃園市楊梅區中山北路1段390巷46號,,,
125,臺中市中區中山路27號,,,
126,臺中市中區平等街1號,,,
127,臺中市南區高工二街1號,,,
128,臺中市南屯區大墩十一街518號,,,
129,臺中市南屯路2段530號,,,
130,臺中市西區臺灣大道2段2號,,,
131,臺中市西屯區東興路3段381號,,,
132,臺北市北投區北投國中教學點-北投區溫泉里溫泉路62號,,,
133,臺北市南寧路46號,,,
134,臺北市東新街65號,,,
135,臺南市南區南門路261號,,,
136,臺南市新營區民族路4之3號,,,
137,花蓮縣花蓮市國盛二街85號,,,
138,高雄市前金區中正四路211號,,,
139,高雄市前金區大同二路145號,,,
140,高雄市鳳山區經武路58號,,,
141,高雄市鳳山區維新路124號,,,
142,宜蘭縣宜蘭市宜興路3段67號,,,
143,屏東縣屏東市建國路225號,,,
144,屏東縣東港鎮大潭路25號,,,
145,彰化縣二林鎮西平里西和一街65號,,,
146,彰化縣彰化市城中北街11號,,,
147,新北市板橋區萬板路101號,,,
148,新竹市東區金城一路65號,,,
149,桃園市中壢區復興路71號,,,
150,桃園市八德區介壽路2段247號,,,
151,桃園市大園區大觀路118號,,,
152,桃園市平鎮區環南路3段88號,,,
153,桃園市桃園區南平路110巷2號,,,
154,桃園市桃園區復興路180號,,,
155,桃園市桃園區民富十一街11號,,,
156,臺中市北區進化北路221號,,,
157,臺中市北屯區昌平路1段95之8號,,,
158,臺北市11241北投區溫泉路62號,,,
159,臺北市中正區青島西路11號,,,
160,臺北市大同區重慶北路3段320號,,,
161,臺北市大安區新生南路1段155號,,,
162,臺北市文山區秀明路2段175號,,,
163,高雄市三民區九如二路150號,,,
164,高雄市三民區建國二路34號,,,
165,高雄市新興區民權一路251號,,,
166,高雄市鼎金一巷36號,,,
167,基隆市安樂路2段183之5號,,,
168,宜蘭縣宜蘭市環河路111號,,,
169,屏東縣恆春鎮德和里槺林北路155巷1號,,,
170,彰化縣二林鎮南光里儒林路2段100之1號,,,
171,彰化縣二林鎮南光里懷仁街8號,,,
172,彰化縣溪湖鎮二溪路1段35號,,,
173,新竹市東區中央路229號,,,
174,新竹市西大路213號,,,
175,新竹縣竹北市中正東路111號,,,
176,新竹縣竹北市勝利十一路139號,,,
177,新竹縣竹北市縣政八街77號,,,
178,桃園市中壢區中央西路2段30號,,,
179,桃園市中壢區永福路66號,,,
180,桃園市桃園區中山路468號,,,
181,桃園市民有十街218號,,,
182,桃園市龜山區中興路1段109號,,,
183,臺中市北屯區天津路3段32之4號,,,
184,臺中市北屯區興安路1段92號,,,
185,臺中市南屯區臺中市公益路2段51號,,,
186,臺中市西區大和路24號,,,
187,臺北市中山區長安東路1段27號,,,
188,臺北市內湖區文湖街15號,,,
189,臺北市萬華區內江街89號,,,
190,臺南市中西區中山路147號,,,
191,臺南市中西區西門路2段48號,,,
192,高雄市前鎮區鎮中路6號,,,
193,高雄市苓雅區中正二路30號,,,
194,嘉義市東區五福街119號,,,
195,基隆市仁愛區孝二路39號,,,
196,基隆市仁愛區愛三路37號,,,
197,基隆市仁愛區愛三路9號,,,
198,宜蘭縣羅東鎮中山路2段506號,,,
199,屏東縣屏東市建興南路81之1號,,,
200,屏東縣屏東市福建路3之7號,,,
201,屏東縣恆春鎮省北路2段439號,,,
202,彰化縣員林市光明街141巷20號,,,
203,彰化縣彰化市南郭路1段339號,,,
204,彰化縣彰化市西興東路125號,,,
205,彰化縣社頭鄉仁雅村和平三路216號,,,
206,彰化縣鹿港鎮中正路588號,,,
207,新北市三重區福德南路23號,,,
208,新北市板橋區四川路2段239號,,,
209,新北市淡水區中山北路1段158號,,,
210,新竹市元培街306號,,,
211,新竹市埔頂路136號,,,
212,新竹市東區龍山西路99號,,,
213,新竹縣竹北市勝利八街1段227號,,,
214,新竹縣竹北市嘉興三街22至30號,,,
215,桃園市中壢區中臺路30號,,,
216,桃園市大溪區民權東路94巷29號,,,
217,桃園市平鎮區義民路193號,,,
218,桃園市桃園區三民路3段22號,,,
219,桃園市桃園區民族路55號,,,
220,桃園市桃園區泰成路62巷67之2號,,,
221,桃園市桃園區龍泉二街36號,,,
222,桃園市永安北路399號,,,
223,臺中市北屯區文心路4段934號,,,
224,臺北市中山區中山北路2段16巷15號,,,
225,臺北市中山區北市復興北路430巷1號,,,
226,臺北市中山區建國北路2段66號,,,
227,臺北市中正區南海路1號,,,
228,臺北市中正區博愛路80號,,,
229,臺北市中正區羅斯福路1段28號,,,
230,臺北市中正區許昌街42之1號,,,
231,臺北市南港區向陽路31號,,,
232,臺北市士林區中正路345號,,,
233,臺北市士林區忠誠路2段207巷3號,,,
234,臺北市萬華區莒光路315號,,,
235,臺南市新營區東學路77號,,,
236,臺南市東區自由路1段187號,,,
237,臺南市永康區中山東路432號,,,
238,臺南市永康區鹽和街244號,,,
239,花蓮縣吉安鄉東里一街156號,,,
240,苗栗縣苗栗市文發路833巷77號,,,
241,高雄市三民區堯山街8號,,,
242,高雄市九如一路232號,,,
243,高雄市前金區中正四路215號,,,
244,高雄市左營區民族一路679號,,,
245,高雄市左營區重立路856號,,,
246,高雄市新興區七賢一路469號,,,
247,高雄市明誠二路524號,,,
248,高雄市鳳山區和平路42號,,,
249,高雄市鳳山區維新路122號,,,
250,南投縣草屯鎮中正路864號,,,
251,嘉義市垂楊路400號,,,
252,嘉義縣大林鎮民權路80號,,,
253,嘉義縣太保市過溝里八德街692號,,,
254,宜蘭縣五結鄉五結路2段370號,,,
255,宜蘭縣羅東鎮中山路2段123號,,,
256,屏東縣佳冬鄉佳和路78號,,,
257,屏東縣恆春鎮光明路35之1號,,,
258,屏東縣東港鎮南平路339號,,,
259,屏東縣萬巒鄉褒忠路28號,,,
260,屏東縣長治鄉進興村進興巷17號,,,
261,彰化縣伸港鄉泉厝村泉厝路102號,,,
262,彰化縣和美鎮竹營里德美路440號,,,
263,彰化縣員林市員林大道2段228號,,,
264,彰化縣溪湖鎮青雅路58號,,,
265,新北市土城區承天路6號,,,
266,新北市新莊區中環路2段392號,,,
267,新北市淡水區自強路51號,,,
268,新北市蘆洲區中正路172號,,,
269,新竹市北區舊港里6鄰54號,,,
270,新竹市建中一路23巷21號,,,
271,新竹市西大路95號,,,
272,新竹縣竹北市博愛街236號,,,
273,新竹縣竹北市嘉政七街100號,,,
274,新竹縣竹北市興隆路5段71號,,,
275,新竹縣關西鎮中山東路103號,,,
276,新竹縣關西鎮中山路126號,,,
277,桃園市中壢區32056新生路2段421號,,,
278,桃園市中壢區新中北路871號,,,
279,桃園市中壢區東坡街6號,,,
280,桃園市中壢市長江路2號,,,
281,桃園市八德區公園路139號,,,
282,桃園市八德區永豐路170號,,,
283,桃園市大溪區仁和七街159號,,,
284,桃園市大溪區仁和七街55號,,,
285,桃園市大溪區埔頂六街205號,,,
286,桃園市平鎮區和平路52號,,,
287,桃園市平鎮區育達路2段94號,,,
288,桃園市新屋區新生里3鄰中山路267巷1號,,,
289,桃園市桃園區博愛路221號,,,
290,桃園市桃園區新生路169之2號,,,
291,桃園市桃園區樹林六街30號,,,
292,桃園市桃園區莊敬路1段128號,,,
293,桃園市楊梅區信義街187號,,,
294,桃園市觀音區中山路2段717號,,,
295,桃園市龍潭區公園路52號,,,
296,桃園市龍潭區建國路278號,,,
297,桃園市龜山區大同路21號,,,
298,桃園市龜山區幸福ㄧ街38之1號,,,
299,臺中市中區三民路2段46號,,,
300,臺中市中區綠川西街135號,,,
301,臺中市北屯區大連路3段10號,,,
302,臺中市南屯區大墩十四街192號,,,
303,臺中市大甲區中山路1段675號,,,
304,臺中市東區東英七街41號,,,
305,臺中市東區福明街118號,,,
306,臺北市中山區北市松江路70巷11號,,,
307,臺北市中山區南京東路3段219號,,,
308,臺北市中正區中山南路20號,,,
309,臺北市中正區南海路58號,,,
310,臺北市中正區忠孝西路1段72號,,,
311,臺北市中正區秀山街4號,,,
312,臺北市中正區許昌街42號,,,
313,臺北市中正區重慶南路1段10號,,,
314,臺北市內湖區東湖路115號,,,
315,臺北市內湖區民權東路6段138號,,,
316,臺北市內湖區金龍路100號,,,
317,臺北市士林區基河路130號,,,
318,臺北市士林區雨聲街68號,,,
319,臺北市大安區金華街199巷5號,,,
320,臺北市文山區興安里興隆路2段88號,,,
321,臺南市中西區中正路240號,,,
322,臺南市安南區長溪路2段561號,,,
323,臺南市新市區南科三路9號,,,
324,臺南市永康區中山路94巷1之3號,,,
325,臺南市永康區南臺街1號,,,
326,花蓮縣壽豐鄉平和村吳全10號,,,
327,苗栗縣竹南鎮福德路1號,,,
328,雲林縣虎尾鎮光明路171號,,,
329,高雄市三民區博愛一路391號,,,
330,高雄市三民區建國三路169號,,,
331,高雄市前金區五福三路21號,,,
332,高雄市前金區自強一路22號,,,
333,高雄市前鎮區三多二路9號,,,
334,高雄市前鎮區中山二路260號,,,
335,高雄市前鎮區中山二路533號,,,
336,高雄市大社區大社路116之1號,,,
337,高雄市岡山區聖森路168號,,,
338,高雄市新興區七賢一路251號,,,
339,高雄市楠梓區楠梓新路393號,,,
340,高雄市苓雅區青年二路186號,,,
341,高雄市裕誠路1號,,,
342,高雄市鹽埕區大勇路68號,,,
343,高雄市鼓山區文忠路108號,,,
344,嘉義市大同路100號,,,
345,嘉義市彌陀路255號,,,
346,嘉義市林森東路151號,,,
347,嘉義市永利二街22號,,,
348,嘉義市興業東路316號,,,
349,嘉義市西區蘭井街465號,,,
350,嘉義縣民雄鄉民族路43號,,,
351,基隆市仁愛區仁五路8號,,,
352,宜蘭縣五結鄉中正路2段7巷11號,,,
353,宜蘭縣宜蘭市女中路3段62號,,,
354,宜蘭縣宜蘭市宜蘭縣宜蘭市中山路3段3號,,,
355,屏東縣屏東市建華一街332號,,,
356,屏東縣屏東市復興南路1段18巷8號,,,
357,屏東縣新園鄉平和路103號,,,
358,彰化縣員林市大同路1段285巷71號,,,
359,彰化縣員林市莒光路752號,,,
360,彰化縣埔心鄉油車村二抱路3段42號,,,
361,彰化縣彰化市中正路2段75號,,,
362,彰化縣田中鎮斗中路2段739號,,,
363,新北市三重區光復路1段61巷27號,,,
364,新北市三重區忠孝路1段37號,,,
365,新北市中和區中山路2段448號,,,
366,新北市中和區中正路488號,,,
367,新北市中和區景平路116之1號,,,
368,新北市五股區五權路19號,,,
369,新北市土城區興城路12號,,,
370,新北市新莊區幸福路569號,,,
371,新北市新莊區新豐街20巷5號,,,
372,新北市板橋區民族路61號,,,
373,新北市林口區南勢里南勢二街154號,,,
374,新北市永和區安樂路342號,,,
375,新北市淡水區竿蓁里中正東路1段3巷6號,,,
376,新竹市建華街36號,,,
377,新竹市成功路192巷196號,,,
378,新竹市食品路155巷27號,,,
379,新竹縣竹北市光明二街91號,,,
380,新竹縣竹北市十興路305巷10弄15號,,,
381,新竹縣竹北市嘉豐二街1段131巷35號,,,
382,新竹縣竹北市縣政二路181號,,,
383,新竹縣竹東鎮新竹縣竹東鎮中興路3段114號,,,
384,桃園市中壢區七和一街31號,,,
385,桃園市中壢區中央東路19號,,,
386,桃園市中壢區中山路136號,,,
387,桃園市中壢區五光二街40號,,,
388,桃園市八德區福國北街221號,,,
389,桃園市大園區橫峰里水源路13號,,,
390,桃園市大興西路3段380巷355號,,,
391,桃園市平鎮區延平路1段162號,,,
392,桃園市平鎮區復興街55號,,,
393,桃園市平鎮區湧安路45號,,,
394,桃園市建成街88號,,,
395,桃園市新屋區新生里中山路370號,,,
396,桃園市新屋區笨港里聖賢路39號,,,
397,桃園市昆明路95號,,,
398,桃園市桃園區中正五街315號,,,
399,桃園市桃園區大原路31號,,,
400,桃園市桃園區廈門街62號,,,
401,桃園市桃園區延平路265號,,,
402,桃園市桃園區經國路244號,,,
403,桃園市桃園區縣府路332號,,,
404,桃園市泰昌六街45號,,,
405,桃園市觀音區莊敬路186號,,,
406,臺中市北區三民路3段217號,,,
407,臺中市南屯區干城街150號,,,
408,臺中市大雅區中科路6號,,,
409,臺中市烏日區中山路1段2之1號,,,
410,臺中市西屯區工業區八路11號,,,
411,臺中市西屯區重慶路262號,,,
412,臺北市中山區新生北路2段29號,,,
413,臺北市中山區樂群二路266巷99號,,,
414,臺北市中山區龍江路96號,,,
415,臺北市信義區永吉路181號,,,
416,臺北市大同區長安西路45之1號,,,
417,臺北市大安區敦化南路2段2號,,,
418,臺北市文山區景文街42號,,,
419,臺北市文山區興隆路3段125巷6號,,,
420,臺南市中西區信義街25號,,,
421,臺南市南區建南路178號,,,
422,臺南市安南區塩田路361號,,,
423,臺南市安南區本原街1段160號,,,
424,臺南市官田區官田區工業路40號,,,
425,臺南市後壁區後壁里195號,,,
426,臺南市東區崇善路42之1號,,,
427,花蓮縣花蓮市中正路109號,,,
428,苗栗縣後龍鎮下浮尾119之2號,,,
429,苗栗縣苗栗市文聖里文發路833巷77號,,,
430,苗栗縣苗栗市饒平街26號,,,
431,雲林縣北港鎮西勢里1鄰中正路95號,,,
432,雲林縣斗六市雲林路2段225號,,,
433,雲林縣斗南鎮南昌路19號,,,
434,高雄市三民區同盟三路442號,,,
435,高雄市三民區建工路747號,,,
436,高雄市三民區皓東路169之6號,,,
437,高雄市先鋒路293號,,,
438,高雄市小港區漢民路232號,,,
439,高雄市湖內區正義一路299巷2弄19號,,,
440,高雄市興隆街58號,,,
441,高雄市苓雅區中山二路412號,,,
442,高雄市苓雅區中正一路315號,,,
443,高雄市苓雅區同慶路108號,,,
444,高雄市鳳山區三民里光遠路226號,,,
445,高雄市鳳山區光遠路226號,,,
446,高雄市鼎山街375號,,,
447,高雄市鼓山三路19之3號,,,
448,嘉義市上海路27號,,,
449,嘉義市世賢路4段120號,,,
450,嘉義市埤竹路50號,,,
451,嘉義市民權路304號,,,
452,嘉義市玉康路160號,,,
453,嘉義市福州七街65號,,,
454,嘉義市西區上海路27號,,,
455,嘉義市西區保安一路241號,,,
456,嘉義市西區國華街245號,,,
457,嘉義市西區垂楊路400號,,,
458,嘉義縣中埔鄉仁義路96號,,,
459,嘉義縣大林鎮民權路18號,,,
460,嘉義縣朴子市竹圍里文化南路69號,,,
461,嘉義縣民雄鄉西安村14鄰西安路112之3號,,,
462,嘉義縣竹崎鄉387巷28號,,,
463,基隆市七堵區工建北路1之2號,,,
464,基隆市仁一路7巷61號,,,
465,基隆市正信路8號,,,
466,宜蘭縣宜蘭市黎明二路239之1號,,,
467,屏東縣佳冬鄉啟南路57號,,,
468,屏東縣佳冬鄉豐隆村西昌路18之5號,,,
469,屏東縣內埔鄉東勢村大同路2段福泉巷120號,,,
470,屏東縣屏東市仁愛路27之3號,,,
471,屏東縣屏東市華山街132號,,,
472,屏東縣恆春鎮四溝里大平頂段下大平頂小段203之3號,,,
473,屏東縣恆春鎮恆南路11巷2弄2號,,,
474,屏東縣新埤鄉新華路78號,,,
475,屏東縣東港鎮下廍路131號,,,
476,屏東縣東港鎮沿海五路112之1號,,,
477,屏東縣東港鎮興東里47之1號,,,
478,屏東縣東港鎮船頭里船頭路33號,,,
479,屏東縣枋寮鄉東海路434巷40號,,,
480,屏東縣枋寮鄉隆山村隆山路259巷46號,,,
481,屏東縣林邊鄉仁愛路33號,,,
482,彰化縣二林鎮二溪路1段57號,,,
483,彰化縣二林鎮南安路41號,,,
484,彰化縣員林市南昌路128號,,,
485,彰化縣員林市員東路2段345號,,,
486,彰化縣員林市大同路2段72之1號,,,
487,彰化縣員林市新生路354號,,,
488,彰化縣員林市永和街22號,,,
489,彰化縣埔心鄉忠義北路51號,,,
490,彰化縣大村鄉中正西路280巷2弄53號,,,
491,彰化縣彰化市卦山路5號,,,
492,彰化縣彰化市建興路1號,,,
493,彰化縣線西鄉中央路3段108巷151號,,,
494,彰化縣線西鄉頂庄村沿海路2段334巷32號,,,
495,新北市三峽區介壽路2段138巷88號,,,
496,新北市新莊區建興街28號,,,
497,新竹市中央路342號,,,
498,新竹市中華路2段471號,,,
499,新竹市北區湳雅街313巷5號,,,
500,新竹市北區湳雅街84號,,,
501,新竹市吉羊路96號,,,
502,新竹市明湖路775巷36號,,,
503,新竹市東區中央路345號,,,
504,新竹市東區南大路500之1號,,,
505,新竹市東區南門街109之1號,,,
506,新竹市東區新竹市東區大學路1001號,,,
507,新竹市東區西大路72巷55號,,,
508,新竹市東大路2段232巷17號,,,
509,新竹市東大路4段32號,,,
510,新竹市科學園區展業一路2號,,,
511,新竹市自由路69號,,,
512,新竹市香山區延平路2段336號,,,
513,新竹縣新埔鎮義民路2段236巷139號,,,
514,新竹縣竹北市三民路549號,,,
515,桃園市中壢區中央東路88號,,,
516,桃園市中壢區中山路63號,,,
517,桃園市中壢區中山路66號,,,
518,桃園市中壢區中華路2段369號,,,
519,桃園市中壢區元生二街126號,,,
520,桃園市中壢區內壢里五鄰中華路1段98號,,,
521,桃園市中壢區崇德三路288號,,,
522,桃園市中壢區延平路98號,,,
523,桃園市中壢區復興路117號,,,
524,桃園市中壢區新興路102巷12號,,,
525,桃園市中壢區榮民路396號,,,
526,桃園市中壢區精忠二街42號,,,
527,桃園市中壢區自立五街82號,,,
528,桃園市中壢區苑平街9號,,,
529,桃園市中壢區華夏路158號,,,
530,桃園市中壢區華祥一街21號,,,
531,桃園市南平路470號,,,
532,桃園市國聖一街192號,,,
533,桃園市大園區沙崙村1鄰80之3號,,,
534,桃園市大園區濱海路2段432、436號,,,
535,桃園市大園區高鐵北路2段147號,,,
536,桃園市大溪區三元三街50號,,,
537,桃園市大溪區僑愛一街55號,,,
538,桃園市大溪區南興里仁和路2段190巷29號,,,
539,桃園市大溪區大鶯路1541巷128號,,,
540,桃園市大溪區普濟路58號,,,
541,桃園市大溪區月眉15鄰105號,,,
542,桃園市平鎮區平興里廣泰路85號,,,
543,桃園市平鎮區延平路1段2號,,,
544,桃園市平鎮區金陵路2段353號,,,
545,桃園市新屋區後庄里東福路2段515號,,,
546,桃園市桃園區三民路3段268號,,,
547,桃園市桃園區中山北路36號,,,
548,桃園市桃園區力行路22號,,,
549,桃園市桃園區國際路2段604號,,,
550,桃園市桃園區大同路11號,,,
551,桃園市桃園區建國路101號,,,
552,桃園市桃園區復興路248號,,,
553,桃園市桃園區慈文路65號,,,
554,桃園市桃園區民富九街174巷6號,,,
555,桃園市桃園區經國路242之1號,,,
556,桃園市楊梅區富岡里新明街88巷11號,,,
557,桃園市楊梅區新明街347巷2弄1號,,,
558,桃園市觀音區中山路8號,,,
559,桃園市觀音區保障二路562號,,,
560,桃園市觀音區白玉里玉林路1段180號,,,
561,桃園市觀音區草漯里忠孝路82號,,,
562,桃園市觀音鄉大觀路4段413號,,,
563,桃園市鎮安街49號,,,
564,桃園市龍潭區干城路19巷28號,,,
565,桃園市龍潭區龍新路三和段539巷33號,,,
566,桃園市龍潭區龍華路100號,,,
567,臺中市中區綠川西街59巷2號,,,
568,臺中市北區中清路1段370號,,,
569,臺中市北屯區北屯路390號,,,
570,臺中市北屯區大連路3段16號,,,
571,臺中市南屯區五權西路2段131號,,,
572,臺中市南屯區大墩6街319巷41號,,,
573,臺中市南屯區楓樹西街200號,,,
574,臺中市后里區平安路130號,,,
575,臺中市大甲區吉祥一街9號,,,
576,臺中市大里區大明路391之9號,,,
577,臺中市西區自由路1段101號,,,
578,臺中市西區金山路25之5號,,,
579,臺中市西屯區工業區三十九路59號,,,
580,臺中市西屯區文心路3段241號,,,
581,臺中市西屯區臺中市西屯區文華路100號,,,
582,臺中市西屯區重慶路99號,,,
583,臺中市豐原區圓環北路1段151號,,,
584,臺中市豐原區圓環東路711號,,,
585,臺北市中山區北市中山區吉林路110號,,,
586,臺北市中山區大直街2號,,,
587,臺北市中山區長安西路33號,,,
588,臺北市中山區長春路116號,,,
589,臺北市中正區忠孝西路1段102號,,,
590,臺北市中正區懷寧街39號,,,
591,臺北市中正區濟南路1段1段321號,,,
592,臺北市信義區基隆路2段99號,,,
593,臺北市信義區松隆路102號,,,
594,臺北市內湖區星雲街121號,,,
595,臺北市北投區育仁路16號,,,
596,臺北市南港區忠孝東路5段815號,,,
597,臺北市南港區舊莊街1段100號,,,
598,臺北市大同區承德路2段81號,,,
599,臺北市大同區長安西路長安西路33號,,,
600,臺北市大安區和平東路2段55號,,,
601,臺北市大安區四維路198巷30弄10號,,,
602,臺北市文山區文山區福興路80號,,,
603,臺北市文山區景興路193號,,,
604,臺北市文山區羅斯福路5段170巷32號,,,
605,臺北市文山區興隆路1段238之1號,,,
606,臺北市文山區萬和街1號,,,
607,臺北市松山區長安東路2段225號,,,
608,臺北市萬華區東園街90之1號,,,
609,臺北市西藏路201號,,,
610,臺南市中西區中山路91號,,,
611,臺南市中西區信義街118號,,,
612,臺南市中西區南寧街140號,,,
613,臺南市中西區大埔街50號,,,
614,臺南市中西區觀亭街76號,,,
615,臺南市北區小東路25號,,,
616,臺南市北區成功路2號,,,
617,臺南市善化區南科三路26號,,,
618,臺南市安南功安一街162號,,,
619,臺南市安南區培安路173號,,,
620,臺南市安南區安中路2段300號,,,
621,臺南市安南區安和路4段25巷32號,,,
622,臺南市安南區安和路4段533巷94號,,,
623,臺南市安南區布袋路60號,,,
624,臺南市安南區鹽安路28號,,,
625,臺南市安平區永華路2段248號,,,
626,臺南市新市區南科三路19號,,,
627,臺南市新營區中山路93之2號,,,
628,臺南市新營區建業路191號,,,
629,臺南市新營區復興路251之1號,,,
630,臺南市東區中華東路2段77號,,,
631,臺南市東區衛民街19號,,,
632,臺南市永康區中山路96號,,,
633,臺南市永康區中華路349號,,,
634,臺南市永康區東橋里東橋二街18號,,,
635,臺南市臺南市海環街186號,,,
636,臺南市鹽水區朝琴路137號,,,
637,臺東縣臺東市浙江路82號,,,
638,花蓮縣玉里鎮中山路1段35號,,,
639,花蓮縣花蓮市國興六街21巷8號,,,
640,苗栗縣苗栗市至公路251號,,,
641,苗栗縣造橋鄉學府路168號,,,
642,苗栗縣頭份市中華路922號,,,
643,金門縣金寧鄉伯玉路2段55號,,,
644,雲林縣古坑鄉荷苞厝8號,,,
645,雲林縣土庫鎮中興路168號,,,
646,雲林縣土庫鎮埤腳里埤腳56號,,,
647,雲林縣斗六市中華路100號,,,
648,雲林縣斗六市雲林路2段559號,,,
649,雲林縣臺西鄉中山路299巷10之17號,,,
650,雲林縣虎尾鎮光明路175號,,,
651,雲林縣虎尾鎮林森路1段360巷128號,,,
652,雲林縣虎尾鎮永興南七路65號,,,
653,高雄市三民區十全二路331號,,,
654,高雄市內門區中正路227號,,,
655,高雄市前鎮區一心一路243號,,,
656,高雄市前鎮區一心二路128號,,,
657,高雄市前鎮區中山三路132號,,,
658,高雄市前鎮區復興四路2號,,,
659,高雄市前鎮區民權二路462號,,,
660,高雄市十全一路220號,,,
661,高雄市大寮區正氣路79號,,,
662,高雄市小港區康莊路128號,,,
663,高雄市岡山區維新路85號,,,
664,高雄市左營區重惠街201號,,,
665,高雄市新興區七賢二路90號,,,
666,高雄市旗山區崙北巷7之4號,,,
667,高雄市旗津區北汕尾巷6號,,,
668,高雄市禮明路78號,,,
669,高雄市緯十一路17號,,,
670,高雄市苓雅區中正一路100號,,,
671,高雄市苓雅區中正二路175號,,,
672,高雄市苓雅區武廟路124號,,,
673,高雄市苓雅區福德三路353巷60號,,,
674,高雄市茄萣區茄萣路2段307號,,,
675,高雄市鳳山區南京路146號,,,
676,高雄市鳳山區南京路330巷7號,,,
677,高雄市鳳山區國泰路1段133號,,,
678,南投縣信義鄉南投縣信義鄉地利村開信巷1之1號,,,
679,南投縣信義鄉新鄉村新鄉路71號,,,
680,南投縣南投市三興里嶺興路66號,,,
681,南投縣南投市中興路156號,,,
682,南投縣南投市南崗二路85號,,,
683,南投縣南投市南投縣南投市民生街33之3號,,,
684,南投縣南投市嶺興路210之3號,,,
685,南投縣南投市文化路532號,,,
686,南投縣南投市民權街72巷18號,,,
687,南投縣埔里鎮隆生路99號,,,
688,南投縣竹山鎮公所路43號,,,
689,南投縣草屯鎮和興街55號,,,
690,南投縣草屯鎮碧山路640號,,,
691,南投縣草屯鎮立人路781巷51號,,,
692,南投縣集集鎮田寮里田寮里草嶺巷3之21號,,,
693,嘉義市友忠路555號,,,
694,嘉義市徐州五街90號,,,
695,嘉義市東區公義路1號,,,
696,嘉義市東區垂楊路45號,,,
697,嘉義市東區大雅路2段285巷30號,,,
698,嘉義市東區體育路2號,,,
699,嘉義市民生北路12號,,,
700,嘉義市永安街363號,,,
701,嘉義市盧厝里盧義路39之1號,,,
702,嘉義市西區玉康路160號,,,
703,嘉義縣大學路1段168號,,,
704,嘉義縣大林鎮大美里33號,,,
705,嘉義縣大林鎮東榮路50號,,,
706,嘉義縣大林鎮民生路2號,,,
707,嘉義縣太保市嘉東勢里8鄰東勢寮83之1號,,,
708,嘉義縣朴子市四維路2段78號,,,
709,嘉義縣朴子市文化南路69號,,,
710,嘉義縣朴子市新庄里新庄32號,,,
711,嘉義縣水上鄉中和路233號,,,
712,嘉義縣溪口鄉美南村10鄰天赦12之3號,,,
713,嘉義縣番路鄉下坑村下坑30之10號,,,
714,嘉義縣番路鄉觸口村18鄰梅花一路1號,,,
715,嘉義縣竹崎鄉中正路96號,,,
716,嘉義縣竹崎鄉元興路2號,,,
717,嘉義縣竹崎鄉和平村羌仔科12附6號,,,
718,嘉義縣竹崎鄉竹崎村中山路76號,,,
719,基隆市七堵區南興路37號,,,
720,基隆市中山區復興路206號,,,
721,基隆市仁愛區愛四路28巷6號,,,
722,基隆市信義區東信路322之1號,,,
723,基隆市信義區東明路67巷7號,,,
724,基隆市信義區深澳坑路75號,,,
725,基隆市安樂區安一路370巷22號,,,
726,基隆市安樂區安和一街10號,,,
727,基隆市安樂區安和一街2巷12之1號,,,
728,基隆市安樂區安和一街2巷12號,,,
729,基隆市愛三路112號,,,
730,宜蘭縣五結鄉鎮安村西河六路268號,,,
731,宜蘭縣冬山鄉冬山路3段334號,,,
732,宜蘭縣冬山鄉義成路3段162巷130號,,,
733,宜蘭縣南澳鄉蘇花路2段379巷2號,,,
734,宜蘭縣宜蘭市中山路2段68巷12弄2號,,,
735,宜蘭縣宜蘭市陽明路131巷93號,,,
736,屏東縣九如鄉九如路2段205號,,,
737,屏東縣佳冬鄉佳冬村溝渚路151號,,,
738,屏東縣內埔鄉大同路4段262號,,,
739,屏東縣屏東市中山路41號,,,
740,屏東縣屏東市信義路151號,,,
741,屏東縣屏東市新興街8號,,,
742,屏東縣屏東市正陽街2之4號,,,
743,屏東縣屏東市莊敬街1段142之1號,,,
744,屏東縣崁頂鄉光復路12之45號,,,
745,屏東縣恆春鎮曉南路151號,,,
746,屏東縣枋寮鄉隆山路140號,,,
747,屏東縣滿州鄉公館路42號,,,
748,彰化縣二林鎮東興里長青路臨139號,,,
749,彰化縣二林鎮萬合里太平路2段600號,,,
750,彰化縣和美鎮新庄里東發路100巷36之1號,,,
751,彰化縣和美鎮東發路100巷36之1號,,,
752,彰化縣和美鎮詔安里彰和路2段176號,,,
753,彰化縣員林市三民街1號,,,
754,彰化縣員林市出水里出水巷13之1號,,,
755,彰化縣員林市員集路2段244巷119號,,,
756,彰化縣員林市山腳路3段2巷150號,,,
757,彰化縣員林市建國路233號,,,
758,彰化縣員林市彰化縣員林市中山路2段109號,,,
759,彰化縣員林市林森路249巷8號,,,
760,彰化縣員林市林森路396號,,,
761,彰化縣員林市永興街184號,,,
762,彰化縣員林市浮圳路1段198巷20號,,,
763,彰化縣員林市靜修路55號,,,
764,彰化縣埔心鄉舊館村興霖路233號,,,
765,彰化縣埤頭鄉安康街72號,,,
766,彰化縣大城鄉永鎮路12號,,,
767,彰化縣大城鄉臺西村順應路4號,,,
768,彰化縣大城鄉西港村永鎮路35號,,,
769,彰化縣彰化市中正路1段542號,,,
770,彰化縣彰化市互助一街9號,,,
771,彰化縣彰化市新平路146號,,,
772,彰化縣文化路369號,,,
773,彰化縣永靖鄉四湳路55之1號,,,
774,彰化縣溪湖鎮北大路東巷33號,,,
775,彰化縣溪湖鎮員鹿路2段383號,,,
776,彰化縣田中鎮中潭里員集路3段125巷255號,,,
777,彰化縣田中鎮南路里中南路3段512號,,,
778,彰化縣田中鎮大崙里大安路2段318號,,,
779,彰化縣田中鎮拓農路1號,,,
780,彰化縣田中鎮西路里長順街8號,,,
781,彰化縣田尾鄉仁里村中正路2段103號,,,
782,彰化縣田尾鄉福德巷343號,,,
783,彰化縣社頭鄉泰安村山腳路3段130號,,,
784,彰化縣線西鄉塭仔村塭仔路141號,,,
785,彰化縣線西鄉德興村線東路2段447號,,,
786,彰化縣線西鄉頂犁村頂犁路123號,,,
787,彰化縣線西鄉頂犁路48之1號,,,
788,彰化縣花壇鄉中山路2段516號,,,
789,彰化縣芳苑鄉仁愛村中央路38號,,,
790,彰化縣鹿港鎮彰化縣鹿港鎮中正路588號,,,
791,彰化縣鹿港鎮永寧街235號,,,
792,新北市三重區新北市三重區重陽路1段120巷8號,,,
793,新北市三重區正義北路27號,,,
794,新北市三重區重新路4段206號,,,
795,新北市三重區重陽路1段120巷8號,,,
796,新北市中和區中山路3段115號,,,
797,新北市中和區保健路44巷2號,,,
798,新北市五股區五工六路9號,,,
799,新北市五股區五權路21號,,,
800,新北市五股區五股區五權路17號,,,
801,新北市土城區中央路4段80號,,,
802,新北市土城區員林街15號,,,
803,新北市新莊區中華路1段66巷2號,,,
804,新北市板橋區重慶路66號,,,
805,新北市樹林區佳園路1段71之5號,,,
806,新北市清水路234巷5號,,,
807,新北市鶯歌區中正三路鄭厝巷14之3號,,,
808,新竹市中和路15巷17號,,,
809,新竹市五福路2段707號,,,
810,新竹市光復路2段110號,,,
811,新竹市北區北大路22號,,,
812,新竹市千甲路385號,,,
813,新竹市工業東二路1號,,,
814,新竹市東區建功一路49巷14號,,,
815,新竹市東區東南街142巷28號,,,
816,新竹市東區東大路1段116之1號,,,
817,新竹市東區東山里食品路155巷29號,,,
818,新竹市東區東門街33號,,,
819,新竹市東區民族路31號,,,
820,新竹市東區民族路36號,,,
821,新竹市東區金城一路67號,,,
822,新竹市東區金城二路12號,,,
823,新竹市東區食品路66號,,,
824,新竹市高翠路327巷8弄2號,,,
825,新竹縣寶山鄉雙園路2段310號,,,
826,新竹縣湖口鄉中平路1段510號,,,
827,新竹縣竹北巿東興路1段769巷66之1號,,,
828,新竹縣竹北市勝利五路195號,,,
829,新竹縣竹北市十興路1段261號,,,
830,新竹縣竹北市和平街82號,,,
831,新竹縣竹北市東海一街97巷50號,,,
832,新竹縣竹北市白地街496巷358號,,,
833,新竹縣竹北市科大二街101號,,,
834,新竹縣竹北市縣政10街46號,,,
835,新竹縣竹北市縣政11街92號,,,
836,新竹縣竹北市自强南路281號,,,
837,新竹縣竹北市長園一街236號,,,
838,新竹縣縣政九路195號,,,
839,新竹縣芎林鄉新竹縣芎林鄉上山村上山村8鄰上山82之12號,,,
840,新竹縣關西鎮石光里石岡子308巷46號,,,
841,桃園市中壢區中山路134號,,,
842,桃園市中壢區強國路121號,,,
843,桃園市中壢區文昌路225巷28弄19號,,,
844,桃園市中壢區榮安二街96號,,,
845,桃園市中壢區水尾里興平路59號,,,
846,桃園市中壢區環中東路51號,,,
847,桃園市中壢區環北路398號,,,
848,桃園市中壢區環北路400號,,,
849,桃園市中壢區青商路288號,,,
850,桃園市中壢區龍山街11之3號,,,
851,桃園市八德區僑愛一街135號,,,
852,桃園市八德區興豐路264號,,,
853,桃園市大園區中山南路361之1號,,,
854,桃園市大園區新生路12號,,,
855,桃園市大園區潮音二路277巷30號,,,
856,桃園市大溪區員林路2段382巷78弄36之1號,,,
857,桃園市大連二街153之175號,,,
858,桃園市平鎮區和平路1號,,,
859,桃園市平鎮區德育路2段329巷37號,,,
860,桃園市平鎮區德育路2段340號,,,
861,桃園市平鎮區忠孝路2號,,,
862,桃園市平鎮區新富五街66號,,,
863,桃園市平鎮區新榮路259號,,,
864,桃園市平鎮區義民路199號,,,
865,桃園市平鎮區陸光路92巷8號,,,
866,桃園市新埔六街140號,,,
867,桃園市新屋區中正路196號,,,
868,桃園市新屋區中華路658號,,,
869,桃園市桃園區中埔六街6號,,,
870,桃園市桃園區介壽路288號,,,
871,桃園市桃園區南通路65號,,,
872,桃園市桃園區同安街45號,,,
873,桃園市桃園區國際路2段501巷3之7號,,,
874,桃園市桃園區復興路255號,,,
875,桃園市桃園區復興路393號,,,
876,桃園市桃園區復興路98號,,,
877,桃園市桃園區成功路3段38號,,,
878,桃園市桃園區桃園市桃園區南華街60號,,,
879,桃園市桃園區桃園市桃園區復興路180號,,,
880,桃園市桃園區民生路650號,,,
881,桃園市桃園區永樂街5號,,,
882,桃園市桃園區玉山街233巷36弄3號,,,
883,桃園市桃園區經國路242號,,,
884,桃園市桃園區縣府路110號,,,
885,桃園市桃園區興一街65巷50號,,,
886,桃園市桃園區鎮南街1號,,,
887,桃園市桃園區鎮撫街41號,,,
888,桃園市楊梅區中正路456號,,,
889,桃園市楊梅區富豐里新明街347巷2弄1號,,,
890,桃園市楊梅區幼獅工業區青年路3號,,,
891,桃園市楊梅區秀才路33號,,,
892,桃園市楊梅區豐野里信義街83巷25弄23號,,,
893,桃園市楊梅區高平路430號,,,
894,桃園市楊梅區高榮里幼平街383巷131弄1號,,,
895,桃園市永安北路372號,,,
896,桃園市蘆竹區南山路1段67號,,,
897,桃園市蘆竹區南崁路265號,,,
898,桃園市蘆竹區南竹路5段210巷1弄1號,,,
899,桃園市蘆竹區大新三街185號,,,
900,桃園市蘆竹區赤塗崎34之1號,,,
901,桃園市蘆竹區錦中街32號,,,
902,桃園市蘆竹忠孝西路37號,,,
903,桃園市觀音區一心路180號,,,
904,桃園市觀音區中山路2段819號,,,
905,桃園市龍潭區三林里富華街三林段395巷142號,,,
906,桃園市龍潭區中興路712號,,,
907,桃園市龍潭區大昌路2段81之3號,,,
908,桃園市龜山區中坑街106號,,,
909,桃園市龜山區壽山路84巷60弄11之1號,,,
910,桃園市龜山區德明路5號,,,
911,桃園市龜山區萬壽路2段1039號,,,
912,澎湖縣馬公市大賢街160號,,,
913,臺中市中區大誠街78號,,,
914,臺中市北區中清路1段369號,,,
915,臺中市北區中清路1段372號,,,
916,臺中市北區錦新街30號,,,
917,臺中市北屯區文心路4段938號,,,
918,臺中市北屯區旅順路2段354號,,,
919,臺中市南區五權南路195號,,,
920,臺中市南區臺中市南區興大路145號,,,
921,臺中市南區臺中路348巷11號,,,
922,臺中市南屯區忠勇路10之75號,,,
923,臺中市南屯區忠勇路17號,,,
924,臺中市南屯區文心南五路1段331號,,,
925,臺中市南屯區文心南五路1段369號,,,
926,臺中市南屯區新民巷3號,,,
927,臺中市南屯區春安里路110號,,,
928,臺中市南屯區精科六路2號,,,
929,臺中市南屯區黎明路1段219號,,,
930,臺中市后里區九甲一路259號,,,
931,臺中市大甲區文曲路81號,,,
932,臺中市大里區國光路2段702之10號,,,
933,臺中市大雅區⼤雅區中科路6號,,,
934,臺中市東區仁和路362號,,,
935,臺中市沙鹿區臺中市沙鹿區四平街62號,,,
936,臺中市潭子區豐興路1段88號,,,
937,臺中市烏日區九德里興祥街119號,,,
938,臺中市烏日區光明路勤農巷7號,,,
939,臺中市西區五權路1之67號,,,
940,臺中市西區臺中市民生路227號,,,
941,臺中市西屯區中科路1777號,,,
942,臺中市西屯區大恩街1號,,,
943,臺中市西屯區工業區一路70號,,,
944,臺中市西屯區漢成街145號,,,
945,臺中市西屯區福科路317巷10號,,,
946,臺中市西屯區科園路21號,,,
947,臺中市西屯區臺中市西屯區科園路21號,,,
948,臺中市西屯區臺灣大道3段658號,,,
949,臺中市西屯區臺灣大道3段99號,,,
950,臺中市豐原區中山路442號,,,
951,臺中市豐原區中正路127號,,,
952,臺中市豐原區中正路351號,,,
953,臺中市豐原區圓環北路1段125號,,,
954,臺中市豐原區新生北路155之1號,,,
955,臺北市中山區中山北路3段26號,,,
956,臺北市中山區南京東路2段11號,,,
957,臺北市中山區林森北路372號,,,
958,臺北市中山區民權東路1段27號,,,
959,臺北市中山區民生東路3段67號,,,
960,臺北市中山區長安東路1段25號,,,
961,臺北市中山區長安東路1段長安東路27號,,,
962,臺北市中正區公園路30號,,,
963,臺北市中正區南昌路2段42巷14號,,,
964,臺北市中正區南昌路2段42巷16號,,,
965,臺北市中正區濟南路⼀段321號,,,
966,臺北市中正區羅斯福路3段76號,,,
967,臺北市中正區許昌街17號,,,
968,臺北市信義區光復南路133號,,,
969,臺北市信義區光復南路495號,,,
970,臺北市信義區大道路49巷6號,,,
971,臺北市信義區忠孝東路4段553巷50號,,,
972,臺北市信義區松山路225巷48號,,,
973,臺北市內湖區民權東路6段109號,,,
974,臺北市內湖區陽光街1號,,,
975,臺北市北投區溫泉路62號,,,
976,臺北市南港區向陽路21號,,,
977,臺北市南港區市民大道8段367號,,,
978,臺北市南港區興中路12巷15號,,,
979,臺北市士林區中山北路6段392號,,,
980,臺北市士林區延平北路6段308號,,,
981,臺北市大同區南京西路163號,,,
982,臺北市大同區哈密街47號,,,
983,臺北市大同區延平北路2段266號,,,
984,臺北市大安區大安路2段99號,,,
985,臺北市大安區忠孝東路3段96號,,,
986,臺北市大安區忠孝東路4段142號,,,
987,臺北市大安區忠孝東路4段169號,,,
988,臺北市大安區忠孝東路4段178號,,,
989,臺北市大安區忠孝東路4段55之6號,,,
990,臺北市大安區忠孝東路4段55號,,,
991,臺北市大安區新生南路3段20之1號,,,
992,臺北市大安區杭州南路2段2號,,,
993,臺北市大安區臺北市大安區復興南路1段390號,,,
994,臺北市文山區景中街28號,,,
995,臺北市文山區景中街29號,,,
996,臺北市松山區三民路5號,,,
997,臺北市松山區八德路4段747號,,,
998,臺北市松山區八德路4段748號,,,
999,臺北市松山區八德路4段749號,,,
1000,臺北市松山區復興北路99號,,,
1001,臺北市萬華區富民里康定路232號,,,
1002,臺南市中西區友愛街117號,,,
1003,臺南市中西區大埔街52號,,,
1004,臺南市中西區府連路22號,,,
1005,臺南市中西區忠孝街93巷47號,,,
1006,臺南市六甲區中華路105號,,,
1007,臺南市北區小東路35號,,,
1008,臺南市北區臺南市北區西門路4段367號,,,
1009,臺南市南區新建路12號,,,
1010,臺南市南區臺南市南區南門路261號,,,
1011,臺南市善化區中山路152號,,,
1012,臺南市安南區公學路1段228號,,,
1013,臺南市安南區安中路2段140號,,,
1014,臺南市安南區安和路1段285巷67號,,,
1015,臺南市安南區安興街435巷12號,,,
1016,臺南市安南區怡安路1段385巷46號,,,
1017,臺南市安南區本原街1段167巷36弄46號,,,
1018,臺南市安南區科技公園大道55號,,,
1019,臺南市安南區長和路3段96號,,,
1020,臺南市安平區建平十七街33號,,,
1021,臺南市新市區西拉雅大道861號,,,
1022,臺南市東區大同路2段615號,,,
1023,臺南市東區臺南市東區大學路1號,,,
1024,臺南市東山區青葉路2段49號,,,
1025,臺南市柳營區東昇里中山西路1段362號,,,
1026,臺南市歸仁十三路1段6號,,,
1027,臺南市永康區小東路689之39號,,,
1028,臺南市永康區東橋二街18號,,,
1029,臺南市永康區王行里永科環路50號,,,
1030,臺南市海中街169巷59之1號,,,
1031,臺南市西港區新興街114之6號,,,
1032,臺南市關廟區新埔三街81號,,,
1033,臺東縣延平鄉桃源村4鄰昇平路78號,,,
1034,臺東縣成功鎮三民里三民路111號,,,
1035,臺東縣成功鎮中華路136號,,,
1036,臺東縣成功鎮忠仁里中華路136號,,,
1037,臺東縣臺東市四維路1段344號,,,
1038,臺東縣臺東市泰安街26巷6號,,,
1039,花蓮縣玉里鎮四維二街17號,,,
1040,花蓮縣花蓮市林森路196巷5號,,,
1041,苗栗縣三義鄉雙潭村106之2號,,,
1042,苗栗縣大湖鄉中原路58號,,,
1043,苗栗縣大湖鄉中正路育英巷11號,,,
1044,苗栗縣後龍鎮後龍鎮豐富里新港六路13鄰169號,,,
1045,苗栗縣泰安鄉象鼻村1鄰7號,,,
1046,苗栗縣苑裡鎮南房里南房2鄰14號,,,
1047,苗栗縣苗栗市新英里新英108之2號,,,
1048,苗栗縣苗栗市苗栗縣苗栗市縣府路102號,,,
1049,苗栗縣頭份市東民一街38號,,,
1050,雲林縣元長鄉龍岩村龍岩120號,,,
1051,雲林縣古坑鄉高林村61號,,,
1052,雲林縣土庫鎮中興路175號,,,
1053,雲林縣土庫鎮宮北里中山路204號,,,
1054,雲林縣大埤鄉豐田村12之1號,,,
1055,雲林縣斗六市上海路77號,,,
1056,雲林縣斗六市仁義路38號,,,
1057,雲林縣斗六市保長路498號,,,
1058,雲林縣斗六市北平路29號,,,
1059,雲林縣斗六市文化路138號,,,
1060,雲林縣斗六市文化路205號,,,
1061,雲林縣斗南鎮石龜里光天路50號,,,
1062,雲林縣斗南鎮長安路2段181號,,,
1063,雲林縣臺西鄉海口村中山路293號,,,
1064,雲林縣莿桐鄉莿桐村和平路41巷45號,,,
1065,雲林縣虎尾鎮北平路72號,,,
1066,雲林縣虎尾鎮安溪里安溪6號,,,
1067,雲林縣虎尾鎮興中42號,,,
1068,雲林縣褒忠鄉中勝路65之7號,,,
1069,高雄市三民區壽昌路93之1號,,,
1070,高雄市三民區大昌二路67號,,,
1071,高雄市三民區晉元街67號,,,
1072,高雄市前金區中山二路507號,,,
1073,高雄市前金區民生二路39號,,,
1074,高雄市前鎮區高雄市前鎮區廣東三街73號,,,
1075,高雄市大寮區鳳屏一路556之560號,,,
1076,高雄市岡山區公園路2之1號,,,
1077,高雄市後勁國小【高雄市楠梓區加昌路216號,,,
1078,高雄市新興區七賢一路249號,,,
1079,高雄市新興區中山一路162號,,,
1080,高雄市新興區和平一路199號,,,
1081,高雄市新興區民族二路97號,,,
1082,高雄市新興區民權一路281號,,,
1083,高雄市新興區民生一路206號,,,
1084,高雄市林園區林園北路191號,,,
1085,高雄市苓雅區成功一路232號,,,
1086,高雄市苓雅區高雄市苓雅區中正二路30號,,,
1087,高雄市茄萣區順漁路100號,,,
1088,高雄市輜汽路281號,,,
1089,高雄市鳥松區鳥松里澄清路840號,,,
1090,臺北市中正區濟南路1段6號,,,
1091,臺北市大安區杭州南路2段1號,,,
1092,臺北市松山區八德路4段101號,,,
1093,臺北市文山區景中街27號,,,
1094,臺北市萬華區南寧路46號,,,
1095,臺北市北投區中山路5之12號,,,
1096,臺北市內湖路1段520號,,,
1097,澎湖縣馬公市東文里文學路285號,,,
1098,臺中市西區五權路2之3號,,,
1099,臺中市梧棲區民生街12號,,,
1100,彰化縣彰化市福山街348號,,,
1101,彰化縣鹿港鎮龍舟路22號,,,
1102,新北市樹林區育英街176號,,,
1103,臺北市南港區興中路29號,,,
1104,新竹市民族路33號,,,
1105,臺北市士林區承德路4段177號,,,
1106,桃園市八德區忠勇街12號,,,
1107,臺北市北投區中央北路1段73號,,,
1108,屏東縣東港鎮中正路1段10號,,,
1109,苗栗縣苗栗市經國路2段485號,,,
1110,雲林縣北港鎮成功路30號,,,
1111,新竹市光復路1段512號,,,
1112,新北市淡水區鼻頭街22號,,,
1113,臺北市萬華區西藏路201號,,,
1114,嘉義市博愛路2段241號,,,
1115,基隆市中山區中華路42號,,,
1116,高雄市仁武區仁勇路400號,,,
1117,臺中市西屯區中工三路199號,,,
1118,嘉義市東區林森東路235號,,,
1119,臺中市潭子區中山路2段31號,,,
1120,花蓮縣花蓮市林政街7號,,,
1121,高雄市岡山區柳橋東路36號,,,
1122,新北市汐止區大同路2段394號,,,
1123,桃園市桃園區埔新路12號,,,
1124,金門縣金湖鎮中山路8之8號,,,
1125,基隆市月眉路250巷22號,,,
1126,桃園市平鎮區和平路190號,,,
1127,臺北市北投區中山路3之1號,,,
1128,新北市新莊區化成路231號,,,
1129,桃園市中壢區復華一街32號,,,
1130,新北市瑞芳區中山路2號,,,
1131,彰化縣溪湖鎮太平里文二街14號,,,
1132,雲林縣虎尾鎮文化路64號,,,
1133,高雄市前鎮區中山三路150號,,,
1134,屏東縣恆春鎮天文路66號,,,
1135,南投縣草屯鎮玉屏路210號,,,
1136,臺南市新營區中正路23號,,,
1137,南投縣埔里鎮大城里大城路169號,,,
1138,嘉義縣民雄鄉西安路147號,,,
1139,臺中市西屯區天保街60號,,,
1140,臺北市南港區東新街65號,,,
1141,桃園市新屋區中山路370號,,,
1142,桃園市觀音區草新里2鄰新生路1462號,,,
1143,臺北市中山區吉林路110號,,,
1144,屏東縣新園鄉興清路50號,,,
1145,桃園市中壢區延平路176號,,,
1146,桃園市龍潭區龍華路460號,,,
1147,高雄市大社區三民路336號,,,
1148,南投縣魚池鄉魚池村魚池街354巷2號,,,
1149,新北市新莊區瓊泰路116號,,,
1150,高雄市旗山區樹人路21號,,,
1151,屏東縣內埔鄉廣濟路2號,,,
1152,臺北市北投區知行路212號,,,
1153,臺南市麻豆區總爺104號,,,
1154,雲林縣四湖鄉中正路514巷59號,,,
1155,彰化縣永靖鄉中山路2段65號,,,
1156,雲林縣西螺鎮延平路92號,,,
1157,高雄市仁武區仁忠路191號,,,
1158,雲林縣北港鎮光明路59號,,,
1159,新竹市博愛街106號,,,
1160,高雄市鳳山區中山路231號,,,
1161,高雄市鳳山區新富路630號,,,
1162,南投縣名間鄉彰南路220號,,,
1163,新竹市民享一街36號,,,
1164,基隆市仁二路135號,,,
1165,新北市三重區介壽路32號,,,
1166,新北市樹林區復興路335巷7號,,,
1167,臺中市東勢區新盛街342號,,,
1168,高雄市金鼎路81號,,,
1169,基隆市仁愛區延平街5號,,,
1170,彰化縣溪湖鎮大公路347號,,,
1171,雲林縣西螺鎮延平路81號,,,
1172,彰化縣埔鹽鄉彰水路1段74號,,,
1173,新北市平溪區十分街157號,,,
1174,新北市樹林區文化街112巷2號,,,
1175,新北市蘆洲區信義路266巷9號,,,
1176,臺中市新社區復盛里興社街2段28之1號,,,
1177,南投縣魚池鄉瓊文巷41號,,,
1178,嘉義市東區民權路28號,,,
1179,基隆市信一路141巷25號,,,
1180,新北市三芝區育英街22號,,,
1181,新北市汐止區環河街1號,,,
1182,新竹市武陵路73巷8號,,,
1183,嘉義縣大林鎮中正路423號,,,
1184,桃園市楊梅區瑞塘里四維二路20號,,,
1185,臺北市南港區三重路19之10號,,,
1186,臺南市六甲區民權路43號,,,
1187,臺南市歸仁區信義南路78號,,,
1188,雲林縣虎尾鎮興南里80之3號,,,
1189,彰化縣二水鄉二水村民生路354號,,,
1190,彰化縣埔心鄉員鹿路2段194號,,,
1191,彰化縣溪湖鎮彰水路4段439巷151號,,,
1192,新北市坪林區坪林街114號,,,
1193,新北市石碇區石碇西街15號,,,
1194,新竹市東大路1段137之1號,,,
1195,桃園市楊梅區瑞溪路1段88號,,,
1196,臺中市大甲區德興路61號,,,
1197,臺中市大雅區楓林街232號,,,
1198,臺北市內湖區成功路5段420巷28號,,,
1199,雲林縣麥寮鄉自強路125號,,,
1200,基隆市義二路49號,,,
1201,新北市坪林區坪林街101號,,,
1202,高雄市旗山區文中路7號,,,
1203,高雄市美濃區福美路320號,,,
1204,屏東縣林邊鄉中山路417號,,,
1205,新北市三重區大同南路172巷26號,,,
1206,新北市八里區龍米路2段129巷1號,,,
1207,新北市樹林區中正路21之1號,,,
1208,新北市烏來區烏來里啦卡路5號,,,
1209,新北市金山區中山路234號,,,
1210,新竹市中央路241號,,,
1211,桃園市大溪區仁愛里埔頂街188號,,,
1212,桃園市蘆竹區南福街100號,,,
1213,雲林縣北港鎮北港鎮華勝路445巷18號,,,
1214,基隆市中山一路121號,,,
1215,基隆市獅球路8之1號,,,
1216,彰化縣溪湖鎮大溪路2段423號,,,
1217,新北市林口區後坑34之1號,,,
1218,桃園市大園區中正西路46號,,,
1219,桃園市楊梅區金華街100號,,,
1220,臺中市南屯區大墩六街161號,,,
1221,臺中市外埔區外埔路878號,,,
1222,臺中市大肚區永和里永和街11之1號,,,
1223,臺中市東區六順路26號,,,
1224,臺中市石岡區石岡街123號,,,
1225,臺中市豐原區三環路72號,,,
1226,臺南市麻豆區南勢里總爺5號,,,
1227,雲林縣虎尾鎮西安里五間厝29鄰80號,,,
1228,雲林縣麥寮鄉泰順路212號,,,
1229,高雄市中華一路2133巷47號,,,
1230,嘉義市中山路616號,,,
1231,嘉義縣大林鎮平和街21之2號,,,
1232,基隆市安樂區基金二路3巷1號,,,
1233,基隆市安樂區安一路260號,,,
1234,屏東縣佳冬鄉佳和路1之23號,,,
1235,屏東縣恆春鎮中山路130號,,,
1236,彰化縣線西鄉寓埔村中央路2段15號,,,
1237,新北市樹林區佳園路3段128號,,,
1238,新北市樹林區佳園路3段15號,,,
1239,新北市樹林區復興路225巷2號,,,
1240,新北市樹林區福順街27號,,,
1241,新北市淡水區水源街1段29號,,,
1242,新北市深坑區文化街45號,,,
1243,桃園市中壢區龍江路99號,,,
1244,桃園市大園區中山南路351號,,,
1245,桃園市新屋區中興路111號,,,
1246,桃園市楊梅區中興路133號,,,
1247,桃園市蘆竹區南昌路255號,,,
1248,桃園市龍潭區百年二街15巷21號,,,
1249,臺中市南屯區東興路1段450號,,,
1250,臺中市太平區振福路312號,,,
1251,臺中市神岡區豐洲路482號,,,
1252,臺南市善化區建國路136號,,,
1253,雲林縣元長鄉1612號,,,
1254,雲林縣虎尾鎮平和里大成街123號,,,
1255,高雄市同慶路108號,,,
1256,高雄市小港區平治街42號,,,
1257,高雄市岡山區和平路1號,,,
1258,高雄市林園區仁愛路36號,,,
1259,高雄市林園區信義路63號,,,
1260,高雄市林園區溪州二路54號,,,
1261,高雄市林園區王公里信義路69巷40號,,,
1262,高雄市美濃區民族路36巷2號,,,
1263,嘉義縣民雄鄉建國路2段265號,,,
1264,基隆市水源路42之1號,,,
1265,基隆市過港路52號,,,
1266,屏東縣萬丹鄉水泉村泉利街95號,,,
1267,屏東縣鹽埔鄉新二村彭厝路64號,,,
1268,新北市三峽區隆恩街239號,,,
1269,新北市三重區開元街1號,,,
1270,新北市五股區工商路127號,,,
1271,新北市土城區三民路4號,,,
1272,新北市板橋區成都街30號,,,
1273,新北市淡水區學府路99號,,,
1274,新竹市建功一路49巷14號,,,
1275,桃園市楊梅區豐野里中正路147號,,,
1276,臺中市大里區國中路438號,,,
1277,臺中市大里區德芳路1段122號,,,
1278,臺中市烏日區仁德里信義街116號,,,
1279,臺中市豐原區大湳里圓環北路1段151號,,,
1280,臺北市北投區致遠二路80號,,,
1281,臺南市善化區民權路214號,,,
1282,臺南市新營區中正路41號,,,
1283,臺南市白河區白河里開明街249號,,,
1284,臺南市麻豆區民權路91巷16之5號,,,
1285,苗栗縣竹南鎮中正路92號,,,
1286,雲林縣大埤鄉怡然路26號,,,
1287,雲林縣斗六市西平路3號,,,
1288,雲林縣林內鄉新興路81號,,,
1289,雲林縣臺西鄉民權路9號,,,
1290,雲林縣虎尾鎮博愛路63巷65號,,,
1291,雲林縣虎尾鎮廉使里7鄰廉使1020號,,,
1292,高雄市大寮區光明路3段1257巷51號,,,
1293,高雄市小港區大平路126巷36之1號,,,
1294,高雄市小港區康莊路67號,,,
1295,高雄市旗山區中山南街2號,,,
1296,高雄市田寮區廟後巷2號,,,
1297,高雄市鳳山區福誠二街168號,,,
1298,嘉義縣中埔鄉和興路91號,,,
1299,基隆市仁三路11之9號,,,
1300,基隆市碇內街100號,,,
1301,基隆市義一路87號,,,
1302,宜蘭縣員山鄉永同路2段186號,,,
1303,宜蘭縣蘇澳鎮育才路6號,,,
1304,屏東縣九如鄉九如路2段3之1號,,,
1305,屏東縣九如鄉後庄村後庄路68號,,,
1306,屏東縣佳冬鄉民學路81號,,,
1307,屏東縣新園鄉平和路250號,,,
1308,屏東縣枋寮鄉建興路39號,,,
1309,屏東縣竹田鄉西勢村龍南路26號,,,
1310,屏東縣里港鄉永春村民生路24之2號,,,
1311,屏東縣里港鄉過江村過江路41號,,,
1312,屏東縣高樹鄉華光路32號,,,
1313,彰化縣伸港鄉泉州村仁愛路123號,,,
1314,彰化縣埔心鄉武英北路417號,,,
1315,新北市樹林區文化街15號,,,
1316,新北市淡水區中正路65號,,,
1317,新北市瑞芳區逢甲路274之2號,,,
1318,新北市貢寮區學苑街7號,,,
1319,新竹市光華街91號,,,
1320,新竹市西門街185號,,,
1321,新竹縣竹東鎮東寧路3段127號,,,
1322,桃園市八德區建國路1199號,,,
1323,桃園市平鎮區中興路平鎮段229號,,,
1324,桃園市桃園區介壽路199號,,,
1325,桃園市龍潭區東龍路220號,,,
1326,臺中市南屯區向上南路1段169之2號,,,
1327,臺中市南屯區萬和路2段31之25號,,,
1328,臺中市外埔區長生路449號,,,
1329,臺中市大甲區文武路10號,,,
1330,臺中市大肚區沙田路2段646號,,,
1331,臺中市東勢區第二橫街28號,,,
1332,臺中市豐原區水源路1之1號,,,
1333,臺南市善化區昌隆里148之3號,,,
1334,臺南市麻豆區大同街26之1號,,,
1335,臺南市麻豆區安業里安業261號,,,
1336,臺南市麻豆區文昌路18號,,,
1337,臺南市麻豆區晉江里民權路26之1號,,,
1338,雲林縣北港鎮華勝路41號,,,
1339,雲林縣古坑鄉水碓88號,,,
1340,雲林縣四湖鄉三塊厝123號,,,
1341,雲林縣崙背鄉民權路386號,,,
1342,雲林縣斗南鎮南昌路17號,,,
1343,雲林縣斗南鎮西岐里文昌路150號,,,
1344,雲林縣水林鄉松西村後厝路59號,,,
1345,雲林縣虎尾鎮埒內里埒內143之5號,,,
1346,雲林縣虎尾鎮頂南195之1號,,,
1347,雲林縣西螺鎮延平路106號,,,
1348,雲林縣西螺鎮延平路504號,,,
1349,雲林縣西螺鎮新街路2號,,,
1350,雲林縣麥寮鄉仁德西路1段26號,,,
1351,高雄市三民區三民街222號,,,
1352,高雄市六龜區光復路107號,,,
1353,高雄市大樹區和山里23之1號,,,
1354,高雄市旗山區中洲路151號,,,
1355,高雄市旗山區義德街33巷3號,,,
1356,高雄市杉林區合心路146巷2號,,,
1357,高雄市林園區信義路69巷46號,,,
1358,高雄市林園區東林西路364巷74號,,,
1359,高雄市林園區金中街12號,,,
1360,高雄市梓官區和平路265號,,,
1361,高雄市梓官區赤崁西路14巷36之5號,,,
1362,高雄市甲仙區中山路56號,,,
1363,高雄市甲仙區文化路32號,,,
1364,高雄市美濃區中正路2段765號,,,
1365,高雄市美濃區廣興街601巷65號,,,
1366,高雄市美濃區廣興路601巷65號,,,
1367,高雄市美濃區永安路341號,,,
1368,南投縣草屯鎮虎山路306號,,,
1369,嘉義縣梅山鄉健康街91號,,,
1370,嘉義縣梅山鄉環南路36號,,,
1371,嘉義縣梅山鄉華山路160號,,,
1372,嘉義縣民雄鄉東湖村174號,,,
1373,嘉義縣竹崎鄉內埔村崁腳1號,,,
1374,基隆市孝二路47號,,,
1375,基隆市愛一路34號,,,
1376,宜蘭縣宜蘭市國榮路6號,,,
1377,宜蘭縣礁溪鄉中山路1段326號,,,
1378,宜蘭縣蘇澳鎮隘丁路36號,,,
1379,屏東縣內埔鄉科大路1段36號,,,
1380,屏東縣屏東市光榮里成功路163號,,,
1381,屏東縣潮州鎮三林路186號,,,
1382,屏東縣潮州鎮西市路33號,,,
1383,屏東縣里港鄉玉田村玉田路42之9號,,,
1384,彰化縣和美鎮雅溝里南軒路359巷7號,,,
1385,彰化縣埔心鄉仁安路65巷103號,,,
1386,彰化縣大城鄉東平路36號,,,
1387,彰化縣大村鄉中山路3段193巷69號,,,
1388,彰化縣田尾鄉柳鳳村民生路2段338號,,,
1389,彰化縣竹塘鄉成功路85號,,,
1390,新北市三重區中寮街57巷18號,,,
1391,新北市八里區龍米路2段96號,,,
1392,新北市林口區文化一路1段137號,,,
1393,新北市淡水區三民街2巷6號,,,
1394,新北市淡水區新民街1段138巷7號,,,
1395,新北市烏來區忠治里新烏路5段111號,,,
1396,新北市萬里區瑪鋉路123號,,,
1397,新竹市中正路96巷16號,,,
1398,新竹市八德路155號,,,
1399,新竹市原興路198號,,,
1400,新竹市東區民享一街112號,,,
1401,新竹市香山區南港街48之1號,,,
1402,新竹市香山區樹下街95號,,,
1403,新竹市香山區西濱路4段365號,,,
1404,新竹縣竹東鎮大同路95號,,,
1405,桃園市平鎮區平東路203號,,,
1406,桃園市平鎮區振平街153號,,,
1407,桃園市桃園區永安北路500號,,,
1408,臺中市南屯區水碓巷1號,,,
1409,臺中市大安區東安里福東一路79號,,,
1410,臺中市大甲區東西六路111號,,,
1411,臺中市大甲區永順街37號,,,
1412,臺中市大甲區經國路520號,,,
1413,臺中市大甲區順天路146號,,,
1414,臺中市新社區大南里興中街42之1號,,,
1415,臺中市東勢區北興里文化街115巷7號,,,
1416,臺中市東勢區正五街17號,,,
1417,臺中市沙鹿區晉江里晉文路301巷東1號,,,
1418,臺中市沙鹿區鎮南路2段505號,,,
1419,臺中市清水區建國路106號,,,
1420,臺中市清水區忠貞路21號,,,
1421,臺中市烏日區長春街373巷52號,,,
1422,臺中市西屯區都會園路1215巷140號,,,
1423,臺中市豐原區永康路181巷6號,,,
1424,臺中市霧峰區萊園路141巷90號,,,
1425,臺中市龍井區竹師路2段112巷50號,,,
1426,臺中市龍井區龍西里龍門路40號,,,
1427,臺北市萬華區桂林路64號,,,
1428,臺南市六甲區中山路608巷91號,,,
1429,臺南市六甲區仁愛街38號,,,
1430,臺南市南化區中坑里38之6號,,,
1431,臺南市善化區南129鄉道23號,,,
1432,臺南市將軍區西甲里西華1號,,,
1433,臺南市山上區南洲53號,,,
1434,臺南市左鎮區澄山里77之2號,,,
1435,臺南市東山區大客里46之18號,,,
1436,臺南市東山區福安街2號,,,
1437,臺南市柳營區中山西路2段19巷31弄35號,,,
1438,臺南市歸仁區中正北路1段231巷101號,,,
1439,臺南市歸仁區大順五街32號,,,
1440,臺南市永康區龍國街351號,,,
1441,臺南市玉井區中正路3號,,,
1442,臺南市玉井區中華路200號,,,
1443,臺南市玉井區玉田里中山路400號,,,
1444,臺南市麻豆區南勢里關帝廟13之11號,,,
1445,臺南市麻豆區總榮里81號,,,
1446,苗栗縣公館鄉忠孝路246號,,,
1447,苗栗縣通霄鎮通東里中正路8號,,,
1448,苗栗縣銅鑼鄉福興村中山路2之5號,,,
1449,苗栗縣頭份市信東路90號,,,
1450,苗栗縣頭份市建國路119號,,,
1451,苗栗縣頭份市東興路108號,,,
1452,苗栗縣頭份鎮東興路37巷17號,,,
1453,雲林縣二崙鄉中山路102號,,,
1454,雲林縣二崙鄉大義村大義路73號,,,
1455,雲林縣元長鄉元中路70號,,,
1456,雲林縣元長鄉元西路76號,,,
1457,雲林縣北港鎮樹腳里武德街23號,,,
1458,雲林縣四湖鄉四湖村中山東路37之1號,,,
1459,雲林縣土庫鎮文化路8號,,,
1460,雲林縣土庫鎮新建路1之6號,,,
1461,雲林縣土庫鎮民權路47號,,,
1462,雲林縣大埤鄉南和村中正路48之1號,,,
1463,雲林縣大埤鄉民生路665號,,,
1464,雲林縣崙背鄉民生路28之8號,,,
1465,雲林縣斗六市太平路187號,,,
1466,雲林縣斗六市府前街117號,,,
1467,雲林縣斗六市棒球十一街99號,,,
1468,雲林縣斗六市榮譽路160號,,,
1469,雲林縣斗六市莊敬路55號,,,
1470,雲林縣斗六市雲中街12號,,,
1471,雲林縣斗南鎮新生二路178號,,,
1472,雲林縣東勢鄉四安路路25號,,,
1473,雲林縣東勢鄉復興村復興路2號,,,
1474,雲林縣莿桐鄉中正路147號,,,
1475,雲林縣虎尾鎮光復路22號,,,
1476,雲林縣虎尾鎮大成街123號,,,
1477,雲林縣褒忠鄉中民村三民路39號,,,
1478,雲林縣褒忠鄉褒忠鄉新湖村新湖2之3號,,,
1479,雲林縣西螺鎮中市路31號,,,
1480,雲林縣西螺鎮光復西路69號,,,
1481,雲林縣西螺鎮大同路54號,,,
1482,雲林縣西螺鎮大橋路8號,,,
1483,雲林縣西螺鎮延平路110號,,,
1484,雲林縣西螺鎮延平路25號,,,
1485,雲林縣西螺鎮延平路385號,,,
1486,雲林縣西螺鎮新街2號,,,
1487,雲林縣西螺鎮新街路32號,,,
1488,雲林縣麥寮鄉中山路260號,,,
1489,雲林縣麥寮鄉新吉村新吉69之1號,,,
1490,雲林縣麥寮鄉施厝村施厝176之3號,,,
1491,雲林縣麥寮鄉海豐村永和73號,,,
1492,高雄市三民區博愛一路70號,,,
1493,高雄市三民區壽昌路2號,,,
1494,高雄市岡山區公園西路3段134號,,,
1495,高雄市岡山區岡山路323巷15號,,,
1496,高雄市岡山區樂群路7號,,,
1497,高雄市岡山區石潭路205巷28號,,,
1498,高雄市旗津區通山路42巷2號,,,
1499,高雄市梓官區光明路177號,,,
1500,高雄市楠梓區宏毅二路52號,,,
1501,高雄市楠梓區興楠路385號,,,
1502,高雄市湖內區中正路1段53巷1號,,,
1503,高雄市美濃區廣林里朝元95號,,,
1504,高雄市美濃區民族路36巷3之2號,,,
1505,高雄市苓雅區福德二路77號,,,
1506,高雄市阿蓮區成功街66號,,,
1507,高雄市鳳山區輜汽路281號,,,
1508,南投縣中寮鄉和興村永樂路143之2號,,,
1509,南投縣中寮鄉永平路316號,,,
1510,南投縣中寮鄉永平路447之12號,,,
1511,南投縣中寮鄉永平路85之3號,,,
1512,南投縣仁愛鄉春陽村3鄰龍山巷78號,,,
1513,南投縣南投市嶺興路68號,,,
1514,南投縣南投市振興巷109號,,,
1515,南投縣南投市虎山路104號,,,
1516,南投縣國姓鄉國姓村民族街40號,,,
1517,南投縣埔里鎮樹人三街281號,,,
1518,南投縣彰南路220號,,,
1519,南投縣水里鄉上安村水信路3段117之1號,,,
1520,南投縣竹山鎮延正里延正路70號,,,
1521,南投縣草屯鎮中正路573號,,,
1522,南投縣草屯鎮省府路407之59號,,,
1523,南投縣集集?吳厝里民生路63之19號,,,
1524,南投縣鹿谷鄉竹林村光復路106之2號,,,
1525,嘉義市世賢路4段210號,,,
1526,嘉義市圓福街37號,,,
1527,嘉義市東區中山路616號,,,
1528,嘉義市民生南路363號,,,
1529,嘉義市竹文街97巷16號,,,
1530,嘉義市臺林街274號,,,
1531,嘉義市西區安東二街47號,,,
1532,嘉義市西區育人路613號,,,
1533,嘉義縣中埔鄉中埔村3鄰中埔11號,,,
1534,嘉義縣中埔鄉同仁村1之10號,,,
1535,嘉義縣中埔鄉金蘭村頂山門6之29號,,,
1536,嘉義縣中埔鄉隆興村中正路515號,,,
1537,嘉義縣大林鎮13巷7號,,,
1538,嘉義縣大林鎮下潭底24之1號,,,
1539,嘉義縣大林鎮中山路55之1號,,,
1540,嘉義縣大林鎮中興路2段241號,,,
1541,嘉義縣大林鎮明和里甘蔗崙72號,,,
1542,嘉義縣大林鎮明華里下埤頭4鄰25號,,,
1543,嘉義縣大林鎮蘭州街56號,,,
1544,嘉義縣太保市太保里2鄰58號,,,
1545,嘉義縣太保市太保里66號,,,
1546,嘉義縣太保市祥和三路東段105號,,,
1547,嘉義縣太保鄉崙子頂21號,,,
1548,嘉義縣新港鄉18鄰71之3號,,,
1549,嘉義縣新港鄉公園路28之1號,,,
1550,嘉義縣新港鄉月眉村121之9號,,,
1551,嘉義縣新港鄉登雲路105號,,,
1552,嘉義縣新港鄉福德村21鄰福德路106號,,,
1553,嘉義縣新港鄉福德路106號,,,
1554,嘉義縣朴子市四維路1段551號,,,
1555,嘉義縣朴子市大葛里152之300號,,,
1556,嘉義縣朴子市大鄉里大?榔956號,,,
1557,嘉義縣朴子市學府路2段92號,,,
1558,嘉義縣朴子市山通路6號,,,
1559,嘉義縣朴子市山通路73號,,,
1560,嘉義縣朴子市文明路1之9號,,,
1561,嘉義縣朴子市海通路2之46號,,,
1562,嘉義縣朴子市竹圍里四維路2段78號,,,
1563,嘉義縣朴子市開元里六鄰開元路118號,,,
1564,嘉義縣梅山鄉梅東村中學路13號,,,
1565,嘉義縣梅山鄉民生街1號,,,
1566,嘉義縣民雄鄉北勢仔17號,,,
1567,嘉義縣民雄鄉北斗村北勢子19號,,,
1568,嘉義縣民雄鄉北斗村正大路1段899號,,,
1569,嘉義縣民雄鄉大學路2段2183號,,,
1570,嘉義縣民雄鄉建國路1段95巷50號,,,
1571,嘉義縣民雄鄉建國路2段187之24號,,,
1572,嘉義縣民雄鄉新生一街1號,,,
1573,嘉義縣民雄鄉東勢湖174號,,,
1574,嘉義縣水上鄉中正路127號,,,
1575,嘉義縣水上鄉中興路209號,,,
1576,嘉義縣水上鄉大崙村89之13號,,,
1577,嘉義縣水上鄉市政街35號,,,
1578,嘉義縣水上鄉柳林村1701號,,,
1579,嘉義縣水上鄉正義路143號,,,
1580,嘉義縣水上鄉水上村中正路189號,,,
1581,嘉義縣水上鄉進學街45號,,,
1582,嘉義縣溪口鄉柴林村柴林腳13號,,,
1583,嘉義縣番路鄉下坑村菜公店101號,,,
1584,嘉義縣竹崎鄉19鄰3號,,,
1585,嘉義縣竹崎鄉元興路138號,,,
1586,嘉義縣竹崎鄉和平村5鄰坑仔坪139之1號,,,
1587,嘉義縣臺灣嘉義縣竹崎鄉中正路96號,,,
1588,嘉義縣阿里山鄉山美村3鄰51號,,,
1589,嘉義縣鹿草鄉松竹村68之2號,,,
1590,嘉義縣鹿草鄉豐稠村馬稠後農場61號,,,
1591,基隆市七堵區南興路63巷8弄13號,,,
1592,基隆市七堵區崇孝街48號,,,
1593,基隆市七堵區永富路78之1號,,,
1594,基隆市七堵區百一街52之1號,,,
1595,基隆市中山區121號,,,
1596,基隆市中山區中和路85巷23號,,,
1597,基隆市中正區北寧路367號,,,
1598,基隆市中正區祥豐街66號,,,
1599,基隆市中正路34號,,,
1600,基隆市仁一路265巷16號,,,
1601,基隆市仁二路137巷2弄1之3號,,,
1602,基隆市仁二路139號,,,
1603,基隆市仁愛區劉銘傳路1號,,,
1604,基隆市仁愛區愛二路9號,,,
1605,基隆市信二路157號,,,
1606,基隆市信二路40號,,,
1607,基隆市信義區仁一路7巷61號,,,
1608,基隆市信義區仁壽里信二路249號,,,
1609,基隆市北寧路396巷52號,,,
1610,基隆市基市安樂路2段183號,,,
1611,基隆市基金一路41號,,,
1612,基隆市基金二路3巷1號,,,
1613,基隆市基金二路3巷3號,,,
1614,基隆市基龍是東新街3號,,,
1615,基隆市安樂區2段164號,,,
1616,基隆市安樂區崇德路12巷2號,,,
1617,基隆市安樂路2段164號,,,
1618,基隆市安樂路2段183號,,,
1619,基隆市崇德路12巷2之4號,,,
1620,基隆市復興路206號,,,
1621,基隆市忠二路29號,,,
1622,基隆市愛三路118號,,,
1623,基隆市愛三路87號,,,
1624,基隆市愛三路9號,,,
1625,基隆市成功一路133巷5號,,,
1626,基隆市明德一路184號,,,
1627,基隆市暖暖區過港路54號,,,
1628,基隆市暖碇路181號,,,
1629,基隆市東信路324號,,,
1630,基隆市東新街3號,,,
1631,基隆市案樂區2段164號,,,
1632,基隆市樂利三街34巷52號,,,
1633,基隆市深溪路55巷71號,,,
1634,基隆市深美街198號,,,
1635,基隆市港西街4號,,,
1636,基隆市獅球路6號,,,
1637,基隆市百一街52之1號,,,
1638,基隆市義一路18號,,,
1639,基隆市義一路2號,,,
1640,基隆市義三路4巷12號,,,
1641,基隆市自來街13巷5之2號,,,
1642,基隆市麥金路177號,,,
1643,基隆市麥金路439巷2號,,,
1644,宜蘭縣五結鄉二結路339號,,,
1645,宜蘭縣五結鄉五濱路2段201號,,,
1646,宜蘭縣五結鄉五結路2段343號,,,
1647,宜蘭縣五結鄉舊街一路80號,,,
1648,宜蘭縣五結鄉舊街二路88號,,,
1649,宜蘭縣冬山鄉光明路55號,,,
1650,宜蘭縣冬山鄉冬山路100號,,,
1651,宜蘭縣冬山鄉冬山路5段51號,,,
1652,宜蘭縣冬山鄉冬山路98之2號,,,
1653,宜蘭縣冬山鄉得安村下湖路218之1號,,,
1654,宜蘭縣冬山鄉照安2路418巷19號,,,
1655,宜蘭縣冬山鄉義成路2段378巷87號,,,
1656,宜蘭縣南澳鄉中正路15號,,,
1657,宜蘭縣員山鄉員山路3段316號,,,
1658,宜蘭縣大同鄉崙埤村朝陽10之9號,,,
1659,宜蘭縣礁溪鄉德陽路106號,,,
1660,宜蘭縣礁溪鄉礁溪路4段135號,,,
1661,宜蘭縣蘇澳鎮內埤路117之2號,,,
1662,宜蘭縣蘇澳鎮勝利路1號,,,
1663,宜蘭縣蘇澳鎮學府路105巷34號,,,
1664,宜蘭縣蘇澳鎮長安里勝利路1之1號,,,
1665,宜蘭縣頭城鎮纘祥路39號,,,
1666,屏東縣三地門鄉三地村中正路2段29巷7號,,,
1667,屏東縣九如鄉九如路2段264號,,,
1668,屏東縣佳冬鄉大同村武丁路33號,,,
1669,屏東縣佳冬鄉豐隆村大東路20之3號,,,
1670,屏東縣來義鄉古樓村中正路94號,,,
1671,屏東縣內埔鄉光復路31號,,,
1672,屏東縣內埔鄉大同路2段福泉路120號,,,
1673,屏東縣內埔鄉東寧村平昌街33號,,,
1674,屏東縣內埔鄉東寧村民善路3號,,,
1675,屏東縣內埔鄉隘寮村清涼路1段453號,,,
1676,屏東縣南州鄉中興路86號,,,
1677,屏東縣南州鄉人和路235號,,,
1678,屏東縣南州鄉仁里村仁里路11號,,,
1679,屏東縣南州鄉米崙村中興路86號,,,
1680,屏東縣屏東市中山路58號,,,
1681,屏東縣屏東市公義街17號,,,
1682,屏東縣屏東市北興里公裕街300號,,,
1683,屏東縣屏東市建豐路84巷8號,,,
1684,屏東縣屏東市成功路163號,,,
1685,屏東縣屏東市民貴二街56號,,,
1686,屏東縣屏東市自由路270號,,,
1687,屏東縣屏東市莊敬街2段13號,,,
1688,屏東縣屏東市華正路93號,,,
1689,屏東縣崁頂鄉洲子村光復路15之12號,,,
1690,屏東縣崁頂鄉田寮路1之15號,,,
1691,屏東縣恆春鎮山腳里恆南路1巷60號,,,
1692,屏東縣恆春鎮恆公路903號,,,
1693,屏東縣恆春鎮恆南路11巷2弄8號,,,
1694,屏東縣恆春鎮恆南路125巷32號,,,
1695,屏東縣恆春鎮恆南路158號,,,
1696,屏東縣恆春鎮西門路146號,,,
1697,屏東縣新園鄉仙吉村89之2號,,,
1698,屏東縣新園鄉新東村平和路216號,,,
1699,屏東縣新埤鄉建功村建成巷10號,,,
1700,屏東縣新埤鄉打鐵村興東路138號,,,
1701,屏東縣新埤鄉東興路138號,,,
1702,屏東縣春日鄉七佳村自強一路18號,,,
1703,屏東縣東港鎮內關帝里4鄰興東二街63號,,,
1704,屏東縣枋寮鄉地利村建興路256號,,,
1705,屏東縣枋寮鄉安樂村中山路171巷50號,,,
1706,屏東縣枋寮鄉德興路33號,,,
1707,屏東縣枋寮鄉枋寮村中興路33號,,,
1708,屏東縣枋山鄉楓港村舊庄路1之2號,,,
1709,屏東縣林邊鄉仁和村和平路41號,,,
1710,屏東縣泰武鄉萬安村1鄰3號,,,
1711,屏東縣滿州鄉中山路152號,,,
1712,屏東縣潮州鎮三合路108號,,,
1713,屏東縣潮州鎮光華里中山路38號,,,
1714,屏東縣潮州鎮志成路201號,,,
1715,屏東縣潮州鎮文化路226號,,,
1716,屏東縣潮州鎮文化路66號,,,
1717,屏東縣潮州鎮連興路21號,,,
1718,屏東縣牡丹鄉石門村18號,,,
1719,屏東縣獅子鄉楓林村二巷26號,,,
1720,屏東縣瑪家鄉佳義村泰平巷77之3號,,,
1721,屏東縣竹田鄉中山路26號,,,
1722,屏東縣竹田鄉中正路129號,,,
1723,屏東縣竹田鄉中正路21號,,,
1724,屏東縣竹田鄉竹田村自強路8號,,,
1725,屏東縣竹田鄉西勢村龍門路26號,,,
1726,屏東縣竹田鄉豐明路23號,,,
1727,屏東縣萬丹鄉四維東路567號,,,
1728,屏東縣萬丹鄉泉利街95號,,,
1729,屏東縣萬巒鄉萬全村褒忠路28號,,,
1730,屏東縣萬巒鄉萬和村中正路36號,,,
1731,屏東縣里港鄉中山路105號,,,
1732,屏東縣里港鄉永豐村永豐路1段1號,,,
1733,屏東縣里港鄉過江村仁愛路33巷26號,,,
1734,屏東縣里港鄉鐵店村鐵店路41之46號,,,
1735,屏東縣長治鄉仁義巷33號,,,
1736,屏東縣長治鄉潭頭村合興路13之5號,,,
1737,屏東縣長治鄉長興路401之1號,,,
1738,屏東縣霧臺鄉霧臺村文化街200號,,,
1739,屏東縣高樹鄉高樹村建源路25號,,,
1740,屏東縣鹽埔鄉光復路90號,,,
1741,屏東縣鹽埔鄉彭厝路64號,,,
1742,屏東縣鹽埔鄉新二村新埔路6號,,,
1743,屏東縣鹽埔鄉維新路67號,,,
1744,彰化縣27彰化縣大城鄉中平路118號,,,
1745,彰化縣二林鎮中西里二城路7號,,,
1746,彰化縣二林鎮二城路7號,,,
1747,彰化縣二林鎮二林鎮溝頭巷51號,,,
1748,彰化縣二林鎮二溪路3段240號,,,
1749,彰化縣二林鎮儒林路2段100之1號,,,
1750,彰化縣二林鎮建興街80號,,,
1751,彰化縣二林鎮果園街10巷12號,,,
1752,彰化縣二林鎮照西路176巷1號,,,
1753,彰化縣二林鎮豐田里南安路41號,,,
1754,彰化縣二林鎮豐田里斗苑路4段636號,,,
1755,彰化縣二水鄉光化村一巷2號,,,
1756,彰化縣二水鄉光化村光進一巷20之1號,,,
1757,彰化縣二水鄉合和村番田二巷26號,,,
1758,彰化縣二水鄉員集路3段678號,,,
1759,彰化縣二水鄉大園村員集路2段442號,,,
1760,彰化縣伸港鄉六塊寮26號,,,
1761,彰化縣伸港鄉新港村忠孝東街50號,,,
1762,彰化縣伸港鄉新港村自強路臨30號,,,
1763,彰化縣伸港鄉曾家村曾家路136之2號,,,
1764,彰化縣伸港鄉曾家村曾家路72號,,,
1765,彰化縣伸港鄉泉厝路44之3號,,,
1766,彰化縣公園路2段301號,,,
1767,彰化縣北斗鎮光復路216號,,,
1768,彰化縣和美鎮信義路241號,,,
1769,彰化縣和美鎮南佃里嘉佃路157號,,,
1770,彰化縣和美鎮南安路105號,,,
1771,彰化縣和美鎮和厝路1段276號,,,
1772,彰化縣和美鎮和西里和卿路101號,,,
1773,彰化縣和美鎮和頭路237號,,,
1774,彰化縣和美鎮彰和路2段176號,,,
1775,彰化縣和美鎮晉北路458號,,,
1776,彰化縣和美鎮東發路100巷30號,,,
1777,彰化縣和美鎮東發路100巷36號,,,
1778,彰化縣和美鎮桂東路159巷18號,,,
1779,彰化縣和美鎮竹社路123號,,,
1780,彰化縣和美鎮美寮路2段490號,,,
1781,彰化縣和美鎮雅安路265號,,,
1782,彰化縣員林市三橋里三橋街403號,,,
1783,彰化縣員林市中山路2段107號,,,
1784,彰化縣員林市中正路473巷10號,,,
1785,彰化縣員林市中正里三民街2之1號,,,
1786,彰化縣員林市光明街31號,,,
1787,彰化縣員林市員東路1段402號,,,
1788,彰化縣員林市員東路2段347號,,,
1789,彰化縣員林市員水路2段357號,,,
1790,彰化縣員林市員水路2段421巷46弄7號,,,
1791,彰化縣員林市員水路2段421巷85號,,,
1792,彰化縣員林市員水路2段465巷15弄19號,,,
1793,彰化縣員林市員鹿路140號,,,
1794,彰化縣員林市大同路1段295號,,,
1795,彰化縣員林市大同路1段376號,,,
1796,彰化縣員林市建國路185號,,,
1797,彰化縣員林市建國路289號,,,
1798,彰化縣員林市永安街9號,,,
1799,彰化縣員林市浮圳路1段200號,,,
1800,彰化縣員林市育英路30號,,,
1801,彰化縣員林市雙平路28號,,,
1802,彰化縣員林市龍富街61號,,,
1803,彰化縣埔心鄉五通北路23號,,,
1804,彰化縣埔心鄉員鹿路4段201號,,,
1805,彰化縣埔心鄉員鹿路4段273號,,,
1806,彰化縣埔心鄉埔心村武英北路417號,,,
1807,彰化縣埔心鄉武聖路491號,,,
1808,彰化縣埔心鄉舊館村員鹿路4段282號,,,
1809,彰化縣埔鹽鄉埔鹽村埔港路68號,,,
1810,彰化縣埔鹽鄉崑崙村彰水路1段74號,,,
1811,彰化縣埤頭鄉安康街78號,,,
1812,彰化縣埤頭鄉斗苑西路138號,,,
1813,彰化縣大城鄉東城村中平路132號,,,
1814,彰化縣大村鄉中正西路338號,,,
1815,彰化縣彰化市一德南路232號,,,
1816,彰化縣彰化市三民路436號,,,
1817,彰化縣彰化市中正路1段226巷29號,,,
1818,彰化縣彰化市光復路25號,,,
1819,彰化縣彰化市大埔路676號,,,
1820,彰化縣彰化市桃源里虎崗路1號,,,
1821,彰化縣彰化市石牌里石牌路1段192巷3號,,,
1822,彰化縣彰化市虎崗路1號,,,
1823,彰化縣彰化縣二林鎮東勢里面前巷2號,,,
1824,彰化縣永靖鄉永社路266號,,,
1825,彰化縣永靖鄉湳港村永社路205號,,,
1826,彰化縣永靖鄉瑚璉村永興路3段295號,,,
1827,彰化縣溪州鄉圳南路138號,,,
1828,彰化縣溪湖鎮北勢里二溪路2段35巷8號,,,
1829,彰化縣溪湖鎮北聖路20號,,,
1830,彰化縣溪湖鎮員鹿路3段279號,,,
1831,彰化縣溪湖鎮地政路250號,,,
1832,彰化縣溪湖鎮太平里文二街15號,,,
1833,彰化縣溪湖鎮德華街17號,,,
1834,彰化縣溪湖鎮文二街15號,,,
1835,彰化縣溪湖鎮東寮里彰水路4段60號,,,
1836,彰化縣溪湖鎮河東里二溪路666號,,,
1837,彰化縣溪湖鎮湖東里青雅路58號,,,
1838,彰化縣溪湖鎮頂寮西寮里員鹿路269之1號,,,
1839,彰化縣田中鎮中南路2段210號,,,
1840,彰化縣田中鎮中南路2段421號,,,
1841,彰化縣田中鎮中南路2段608巷48號,,,
1842,彰化縣田中鎮中南路3段512號,,,
1843,彰化縣田中鎮中州路1段177號,,,
1844,彰化縣田中鎮中潭里員集路3段125巷276號,,,
1845,彰化縣田中鎮斗中路2段230巷248號,,,
1846,彰化縣田中鎮新民里五福街92之1號,,,
1847,彰化縣田中鎮東發路100巷36之1號,,,
1848,彰化縣田中鎮沙崙里酪農路191號,,,
1849,彰化縣田中鎮田中鎮西路街24號,,,
1850,彰化縣田尾鄉公所路186巷25號,,,
1851,彰化縣田尾鄉正義村中正路1段233號,,,
1852,彰化縣田尾鄉正義村中正路1段288號,,,
1853,彰化縣田尾鄉福田村光復路1段98巷189號,,,
1854,彰化縣社頭鄉員集路1段615號,,,
1855,彰化縣社頭鄉員集路1段689號,,,
1856,彰化縣社頭鄉廣興村中興路47號,,,
1857,彰化縣社頭鄉民生路371號,,,
1858,彰化縣社頭鄉清水岩路1號,,,
1859,彰化縣社頭鄉社斗路1段336號,,,
1860,彰化縣福興鄉同安村同安巷3之1號,,,
1861,彰化縣福興鄉外中村外中街123號,,,
1862,彰化縣福興鄉復興路78號,,,
1863,彰化縣福興鄉番婆村彰鹿路6段148號,,,
1864,彰化縣福興鄉番社村番社街11之5號,,,
1865,彰化縣福興鄉福興村福興路51巷6號,,,
1866,彰化縣福興鄉西勢村西勢街34號,,,
1867,彰化縣秀水鄉中山路257號,,,
1868,彰化縣秀水鄉中山路99號,,,
1869,彰化縣秀水鄉安東村枋林巷60號,,,
1870,彰化縣竹塘鄉土庫村東陽路1段安平巷2之1號,,,
1871,彰化縣竹塘鄉民靖村成功路94號,,,
1872,彰化縣線西鄉中央路2段15號,,,
1873,彰化縣線西鄉中央路2段20號,,,
1874,彰化縣線西鄉中央路2段536巷31號,,,
1875,彰化縣線西鄉塭仔路91號,,,
1876,彰化縣線西鄉寓埔路177之1號,,,
1877,彰化縣線西鄉沿海路2段334巷32號,,,
1878,彰化縣線西鄉溝內路34之1號,,,
1879,彰化縣線西鄉草豐路501巷5號,,,
1880,彰化縣線西鄉頂犁村頂犁?48之1號,,,
1881,彰化縣線西鄉頂犁村頂犁路48之1號,,,
1882,彰化縣線西鄉頂犁路48號,,,
1883,彰化縣芬園鄉大彰路1段448號,,,
1884,彰化縣芬園鄉太平路67號,,,
1885,彰化縣芬園鄉太平路77巷12號,,,
1886,彰化縣芬園鄉彰南路4段25號,,,
1887,彰化縣花壇鄉長沙村中正路72號,,,
1888,彰化縣芳苑鄉漢寶村成功一路45號,,,
1889,彰化縣鹿港鎮後車巷47號,,,
1890,彰化縣鹿港鎮頂厝里舊港巷26之12號,,,
1891,彰化縣鹿港鎮頭崙里頂草路2段150號,,,
1892,新北市三峽區介壽路2段138巷98號,,,
1893,新北市三峽區大學路66號,,,
1894,新北市三峽區學成路389號,,,
1895,新北市三峽區愛國路8號,,,
1896,新北市三峽區民生街186號,,,
1897,新北市三峽區長泰街100號,,,
1898,新北市三芝區民生街31號,,,
1899,新北市三芝區淡金路1段37號,,,
1900,新北市三芝區淡金路1段38號,,,
1901,新北市三重區三和路3段170巷49號,,,
1902,新北市三重區三和路3段1號,,,
1903,新北市三重區仁義街228巷12號,,,
1904,新北市三重區大同南路172巷30號,,,
1905,新北市三重區雙園街1號,,,
1906,新北市中和區興南路2段3巷17號,,,
1907,新北市中正路18號,,,
1908,新北市五股區新北市五股區五權路17號,,,
1909,新北市五股成泰路2段49弄15號,,,
1910,新北市八里區中山路2段356巷16號,,,
1911,新北市八里區忠八街2號,,,
1912,新北市八里區龍米路2段98號,,,
1913,新北市土城區中正路18號,,,
1914,新北市土城區員林里員林街15號,,,
1915,新北市土城區土城里興城路12號,,,
1916,新北市土城區學府路1段129之125號,,,
1917,新北市土城區永豐里清水路234巷5號,,,
1918,新北市土城區金城路2段247號,,,
1919,新北市新北是新莊區中原路191號,,,
1920,新北市新店區中正路367號,,,
1921,新北市林口區仁愛里文化一路1段137號,,,
1922,新北市林口區南勢二街154號,,,
1923,新北市林口區南勢街538號,,,
1924,新北市林口區林口路76號,,,
1925,新北市樹林區中正路21號,,,
1926,新北市樹林區保安街1段289巷3號,,,
1927,新北市樹林區鎮前街467號,,,
1928,新北市永和區中正路666巷70號,,,
1929,新北市永和區中正路70號,,,
1930,新北市永和區安樂路204之216號,,,
1931,新北市永和區安樂路431號,,,
1932,新北市永和區成功路1段1號,,,
1933,新北市永和區永利路71號,,,
1934,新北市汐止區信義路1號,,,
1935,新北市汐止區勤進路1號,,,
1936,新北市汐止區南興路83巷17號,,,
1937,新北市汐止區康寧街520號,,,
1938,新北市汐止區建成路39號,,,
1939,新北市汐止區復興路1之1號,,,
1940,新北市汐止區忠孝東路201號,,,
1941,新北市汐止區橫科路117號,,,
1942,新北市汐止區汐平路2段107號,,,
1943,新北市汐止區福德一路141巷50、52號,,,
1944,新北市汐止區福德三路9號,,,
1945,新北市汐止區茄苳路225巷35號,,,
1946,新北市汐止區茄苳路82號,,,
1947,新北市汐止區褔德一路232號,,,
1948,新北市淡水區中正東路1段3巷6號,,,
1949,新北市淡水區中正東路2段29之5號,,,
1950,新北市淡水區中正路1段2號,,,
1951,新北市淡水區北新路109號,,,
1952,新北市淡水區後寮6號,,,
1953,新北市淡水區沙崙路300號,,,
1954,新北市淡水區福德里自強路51號,,,
1955,新北市淡水新民街1段138巷7號,,,
1956,新北市深坑區北深路1段83巷8弄36號,,,
1957,新北市烏來區新烏路5段111號,,,
1958,新北市瑞芳區魚寮路146號,,,
1959,新北市石碇區靜安路1段245號,,,
1960,新北市石門區中山路34號,,,
1961,新北市石門區山溪里老崩山6之5號,,,
1962,新北市萬里區瑪鋉路157號,,,
1963,新北市萬里區瑪鋉路15號,,,
1964,新北市蘆洲區民族路33巷8號,,,
1965,新北市蘆洲區民權路78號,,,
1966,新北市雙溪區梅竹蹊路3號,,,
1967,新北市鶯歌區中山路138巷3之4號,,,
1968,新北市鶯歌區二甲里1鄰環河路169號,,,
1969,新北市鶯歌區德昌二街2號,,,
1970,新北市鶯歌區文化路181號,,,
1971,新北市鶯歌區文化路215號,,,
1972,新竹市中山路598號,,,
1973,新竹市中正路20號,,,
1974,新竹市中正路521號,,,
1975,新竹市中華路2段49號,,,
1976,新竹市光復路1段163巷53弄1之4號,,,
1977,新竹市光復路1段448號,,,
1978,新竹市光復路1段525巷27號,,,
1979,新竹市北區國華街69號,,,
1980,新竹市北區東大路4段315號,,,
1981,新竹市北區林森路278號,,,
1982,新竹市北區水田街91巷9號,,,
1983,新竹市北大路373號,,,
1984,新竹市北門街172號,,,
1985,新竹市千甲路460號,,,
1986,新竹市南大路175號,,,
1987,新竹市南大路808巷1之1號,,,
1988,新竹市園後街40號,,,
1989,新竹市埔頂二路123號,,,
1990,新竹市大同路86號,,,
1991,新竹市學府路128號,,,
1992,新竹市學府路2號,,,
1993,新竹市建新路52號,,,
1994,新竹市忠孝路50號,,,
1995,新竹市慈雲路81號,,,
1996,新竹市成功路192巷191弄22之1號,,,
1997,新竹市東區三民里中華路2段2之1號,,,
1998,新竹市東區中央路241號,,,
1999,新竹市東區中央路342號,,,
2000,新竹市東區中華路2段2之1號,,,
2001,新竹市東區光復路1段163巷1之4號,,,
2002,新竹市東區八德路233號,,,
2003,新竹市東區博愛街106號,,,
2004,新竹市東區原興路198號,,,
2005,新竹市東區建中一路23巷21號,,,
2006,新竹市東區建新路52號,,,
2007,新竹市東區建華里2鄰學府路2號,,,
2008,新竹市東區新莊里關新北路149號,,,
2009,新竹市東區東園里八德路155號,,,
2010,新竹市東區東大路4段32號,,,
2011,新竹市東區林森路32號,,,
2012,新竹市東區民享一街36號,,,
2013,新竹市東區科園里科學園路162巷36號,,,
2014,新竹市東區科學園路95號,,,
2015,新竹市東區立功里光復路2段42巷12弄35號,,,
2016,新竹市東區立鵬路82之120號,,,
2017,新竹市東區竹蓮街10號,,,
2018,新竹市東區竹蓮街6號,,,
2019,新竹市東區綠水里園後街40號,,,
2020,新竹市東區豐功里建中一路23巷21號,,,
2021,新竹市東區軍功里建新路52號,,,
2022,新竹市東區金山里光復路1段163巷53弄1號,,,
2023,新竹市東區食品路155巷27號,,,
2024,新竹市東區食品路155巷29號,,,
2025,新竹市東區高峰里高峰路325巷8弄18號,,,
2026,新竹市東區龍山西路107號,,,
2027,新竹市東區龍山里光復路1段472號,,,
2028,新竹市東區龍山里光復路1段512號,,,
2029,新竹市東大路1段132號,,,
2030,新竹市東大路2段15巷1號,,,
2031,新竹市東大路2段386號,,,
2032,新竹市東大路2段598巷108號,,,
2033,新竹市東大路3段335巷7號,,,
2034,新竹市東大路3段357巷6號,,,
2035,新竹市東大路4段35號,,,
2036,新竹市東明街138巷1號,,,
2037,新竹市東香路2段20號,,,
2038,新竹市林森路176號,,,
2039,新竹市武陵西三路7號,,,
2040,新竹市武陵路111之1號,,,
2041,新竹市水源街77巷18號,,,
2042,新竹市水田街146號,,,
2043,新竹市水田街98號,,,
2044,新竹市湳雅街187巷84之1號,,,
2045,新竹市湳雅街88號,,,
2046,新竹市湳雅街89號,,,
2047,新竹市田美二街8號,,,
2048,新竹市綠水里博愛街106號,,,
2049,新竹市育英路69號,,,
2050,新竹市西大路681巷1號,,,
2051,新竹市西濱路1段1段1巷76弄1號,,,
2052,新竹市關新一街26號,,,
2053,新竹市關新路19巷49號,,,
2054,新竹市關新路53號,,,
2055,新竹市食品路67號,,,
2056,新竹市香山區?茄苳里茄苳路56號,,,
2057,新竹市香山區元培街262號,,,
2058,新竹市香山區牛埔南路376巷151之1號,,,
2059,新竹市體育街58號,,,
2060,新竹市高峰路221巷9號,,,
2061,新竹市高峰路325巷八弄18號,,,
2062,新竹市高峰路386巷100弄21號,,,
2063,新竹市龍山西路107號,,,
2064,新竹縣五峰鄉大隘村12鄰190之1號,,,
2065,新竹縣北埔鄉南興村光復街28號,,,
2066,新竹縣寶山鄉寶新路2段251巷25號,,,
2067,新竹縣尖石鄉梅花村四鄰95之1號,,,
2068,新竹縣峨眉鄉富興村1鄰33號,,,
2069,新竹縣新埔鎮成功街240號,,,
2070,新竹縣新豐鄉康樂路1段516號,,,
2071,新竹縣新豐鄉重興村成德街36號,,,
2072,新竹縣橫山鄉中豐路2段157號,,,
2073,新竹縣湖口鄉吉祥街43號,,,
2074,新竹縣湖口鄉新生路122號,,,
2075,新竹縣湖口鄉民族街227號,,,
2076,新竹縣竹北市博愛街771號,,,
2077,新竹縣竹北市嘉興路62號,,,
2078,新竹縣竹東鎮三重里中興路2段152巷30號,,,
2079,新竹縣竹東鎮二重里中興路3段73巷23號,,,
2080,新竹縣竹東鎮大同路109巷5號,,,
2081,新竹縣竹東鎮康莊街107巷54號,,,
2082,新竹縣竹東鎮忠孝街71巷1弄29號,,,
2083,新竹縣竹東鎮東寧路2段319號,,,
2084,新竹縣竹東鎮柯湖路1段157之6號,,,
2085,新竹縣竹東鎮榮樂里大同路77號,,,
2086,新竹縣竹東鎮自強路3段272巷54號,,,
2087,新竹縣竹東鎮至善路9號,,,
2088,新竹縣竹東鎮長安路130號,,,
2089,新竹縣芎林鄉上山村文山路789號,,,
2090,新竹縣芎林鄉五龍村9鄰76號,,,
2091,新竹縣芎林鄉文林村文山路238號,,,
2092,新竹縣芎林鄉綠獅三街6號,,,
2093,新竹縣關西鎮北山里4鄰崁下25號,,,
2094,桃園市中壢區復華一街108號,,,
2095,桃園市中壢區德育路36號,,,
2096,桃園市中壢區林森路90號,,,
2097,桃園市中壢區永樂路21號,,,
2098,桃園市中壢區過嶺里雙福路12號,,,
2099,桃園市中壢區雙福路9號,,,
2100,桃園市中央西路2段97號,,,
2101,桃園市八德區介壽路2段1432號,,,
2102,桃園市八德區介壽路2段361巷96號,,,
2103,桃園市八德區和平路548號,,,
2104,桃園市八德區大正里大福街29號,,,
2105,桃園市八德區大興路992號,,,
2106,桃園市八德區建國路1126號,,,
2107,桃園市八德區忠勇西街14號,,,
2108,桃園市八德區興豐路2175號,,,
2109,桃園市大園區中正東路160號,,,
2110,桃園市大園區大園里32鄰新生路106號,,,
2111,桃園市大園鄉大觀路118號,,,
2112,桃園市大溪區中山路30號,,,
2113,桃園市大溪區仁愛路11號,,,
2114,桃園市大溪區仁愛里廟前6之1號,,,
2115,桃園市富岡中華街45號,,,
2116,桃園市平鎮區中豐路363號,,,
2117,桃園市平鎮區廣成街10號,,,
2118,桃園市平鎮區廣泰路168號,,,
2119,桃園市平鎮區德育路271號,,,
2120,桃園市平鎮區振興路2號,,,
2121,桃園市平鎮區新光路65巷50號,,,
2122,桃園市平鎮區東勢里金陵路5段55號,,,
2123,桃園市平鎮區龍南路315號,,,
2124,桃園市復興區羅浮里3鄰16號,,,
2125,桃園市忠勇街12號,,,
2126,桃園市新屋區中正路110巷1號,,,
2127,桃園市新屋區中華南路2段50號,,,
2128,桃園市新屋區後庄村東福路2段515號,,,
2129,桃園市桃園區中山路658巷4弄3號,,,
2130,桃園市桃園區中平路118號,,,
2131,桃園市桃園區信光路28號,,,
2132,桃園市桃園區南平路470號,,,
2133,桃園市桃園區同德七街46之108號,,,
2134,桃園市桃園區同德五街295號,,,
2135,桃園市桃園區國聖一街2號,,,
2136,桃園市桃園區國際路1段1177號,,,
2137,桃園市桃園區宏昌六街316號,,,
2138,桃園市桃園區建成街88號,,,
2139,桃園市桃園區愛二街48號,,,
2140,桃園市桃園區正康三街275號,,,
2141,桃園市桃園區民權路32號,,,
2142,桃園市桃園區永安北路372號,,,
2143,桃園市桃園區永安北路399號,,,
2144,桃園市桃園區永安北路439號,,,
2145,桃園市桃園巿大園鄉華興路40號,,,
2146,桃園市楊梅區上湖里楊湖路3段679之1號,,,
2147,桃園市楊梅區大成路2號,,,
2148,桃園市蘆竹區內新路162號,,,
2149,桃園市蘆竹區南山路2段448號,,,
2150,桃園市蘆竹區南崁路1段99號,,,
2151,桃園市蘆竹區坑子里貓尾崎12鄰1號,,,
2152,桃園市蘆竹區長壽里仁愛路2段20號,,,
2153,桃園市觀音區育仁路2段1號,,,
2154,桃園市觀音區草新里新生路1148號,,,
2155,桃園市龍潭區成功路190巷227號,,,
2156,桃園市龜山區自強南路97號,,,
2157,桃園市龜山區頂興路83巷1弄1號,,,
2158,桃園市龜山鄉山德村頂興路2巷14號,,,
2159,澎湖縣七美鄉南港村1鄰43號,,,
2160,澎湖縣湖西鄉隘門村16號,,,
2161,澎湖縣白沙鄉中屯村29之1號,,,
2162,澎湖縣西嶼鄉竹灣村70之4號,,,
2163,澎湖縣馬公市中央街5號,,,
2164,澎湖縣馬公市中華路279號,,,
2165,澎湖縣馬公市文康街38號,,,
2166,澎湖縣馬公市新店北路65號,,,
2167,澎湖縣馬公市東衛里94號,,,
2168,澎湖縣馬公市永福街30號,,,
2169,澎湖縣馬公市自立路21號,,,
2170,臺中市423東勢區東崎街4段242號,,,
2171,臺中市中區成功路338號,,,
2172,臺中市中區柳川里興中街88號,,,
2173,臺中市北區健行路666號,,,
2174,臺中市北區北屯路10號,,,
2175,臺中市北區太平路74號,,,
2176,臺中市北區東興路3段246號,,,
2177,臺中市北區漢口路4段21號,,,
2178,臺中市北屯區中清路70之1號,,,
2179,臺中市北屯區仁和里18鄰崇德路3段1號,,,
2180,臺中市北屯區東山路1段33巷16號,,,
2181,臺中市北屯路10號,,,
2182,臺中市南區國光路11號,,,
2183,臺中市南區工學三街23號,,,
2184,臺中市南區工學二街275巷3號,,,
2185,臺中市南區柳川西路1段59號,,,
2186,臺中市南區福田二街23號,,,
2187,臺中市南屯區南屯路2段530號,,,
2188,臺中市南屯區培德路11號,,,
2189,臺中市南屯區大墩11街518號,,,
2190,臺中市南屯區干城街127號,,,
2191,臺中市南屯區文山南巷301號,,,
2192,臺中市南屯區文山南路301號,,,
2193,臺中市南屯區文心南二路439巷5號,,,
2194,臺中市南屯區文心南五路331號,,,
2195,臺中市南屯區新民巷14之3號,,,
2196,臺中市南屯區東興路3段260號,,,
2197,臺中市南屯區永春南路423號,,,
2198,臺中市南屯區河南路4段150之2號,,,
2199,臺中市南屯區河南路4段690巷5號,,,
2200,臺中市南屯區溫泉路228號,,,
2201,臺中市南屯區萬和路1段50號,,,
2202,臺中市南屯區黎明路1段965巷38號,,,
2203,臺中市后里區三光路139號,,,
2204,臺中市后里區三光路42號,,,
2205,臺中市后里區厚里里九甲一路259號,,,
2206,臺中市后里區墩北里三光路139號,,,
2207,臺中市后里區大圳路538號,,,
2208,臺中市后里區大山路211號,,,
2209,臺中市和平區南勢里東關路3段139之10號,,,
2210,臺中市和平區東關路1段松鶴3巷10號,,,
2211,臺中市外埔區大馬路莊內巷1弄56號,,,
2212,臺中市外埔區東西巷13號,,,
2213,臺中市大安區中山北路1巷10號,,,
2214,臺中市大安區中松路233號,,,
2215,臺中市大安區大安港路1100號,,,
2216,臺中市大甲區中山路2段202號,,,
2217,臺中市大甲區中山里甲東路512號,,,
2218,臺中市大甲區仁愛街138號,,,
2219,臺中市大甲區大安港路53巷3號,,,
2220,臺中市大甲區德化里和平路290號,,,
2221,臺中市大甲區德興路65號,,,
2222,臺中市大甲區文武里德興路61號,,,
2223,臺中市大甲區文武里德興路63號,,,
2224,臺中市大甲區東陽新村71號,,,
2225,臺中市大甲區武陵里文曲路81號,,,
2226,臺中市大甲區水源路167號,,,
2227,臺中市大甲區甲東路520號,,,
2228,臺中市大甲區經國路21巷9號,,,
2229,臺中市大甲區經國路95巷13號,,,
2230,臺中市大甲區義和里中山路1段484巷45號,,,
2231,臺中市大甲區育德路113號,,,
2232,臺中市大甲區育德路233號,,,
2233,臺中市大甲區興安路29之1號,,,
2234,臺中市大甲區興安路92號,,,
2235,臺中市大甲區通天路110之2號,,,
2236,臺中市大甲區鎮瀾街207號,,,
2237,臺中市大甲區開元路71號,,,
2238,臺中市大甲區順天路67號,,,
2239,臺中市大甲區順帆路96號,,,
2240,臺中市大肚區平和街28號,,,
2241,臺中市大肚區榮華街630號,,,
2242,臺中市大肚區沙田路3段888巷9之1號,,,
2243,臺中市大里區中山路330號,,,
2244,臺中市大里區新仁路2段42號,,,
2245,臺中市大里區東興路100號,,,
2246,臺中市大里區益民路2段57巷47號,,,
2247,臺中市大里區立新街338號,,,
2248,臺中市大雅區中山北路235號,,,
2249,臺中市大雅區員林里中清路4段158號,,,
2250,臺中市大雅區學府路230號,,,
2251,臺中市大雅區橫山里永和路8號,,,
2252,臺中市天保街60號,,,
2253,臺中市太平區中山路3段67巷60弄1號,,,
2254,臺中市太平區中平九街181號,,,
2255,臺中市太平區興隆路76號,,,
2256,臺中市新社區復盛村中和街3段國中巷10號,,,
2257,臺中市新社區新社里興社街4段一巷2號,,,
2258,臺中市東勢區上新里忠孝街150之1號,,,
2259,臺中市東勢區中寧里匠寮巷52號,,,
2260,臺中市東勢區中寧里文化街115巷3號,,,
2261,臺中市東勢區中山路28號,,,
2262,臺中市東勢區中正路206號,,,
2263,臺中市東勢區中泰街88號,,,
2264,臺中市東勢區南平里南片巷100之1號,,,
2265,臺中市東勢區南平里本街南片巷100之1號,,,
2266,臺中市東勢區文昌前街1號,,,
2267,臺中市東勢區東坑路西盛巷60號,,,
2268,臺中市東勢區東安里文化街113號,,,
2269,臺中市東勢區泰昌里名流街28巷2號,,,
2270,臺中市東勢區第五橫街1號,,,
2271,臺中市東區十甲里東英七街41號,,,
2272,臺中市東區大振街33號,,,
2273,臺中市東區東勢里福明街118號,,,
2274,臺中市東區東橋里大智路359號,,,
2275,臺中市東區樂業一路151號,,,
2276,臺中市梧棲區中和街16號,,,
2277,臺中市梧棲區中央路1段238之1號,,,
2278,臺中市梧棲區中央路1段536之2號,,,
2279,臺中市梧棲區中興路128巷11號,,,
2280,臺中市梧棲區博愛北路55號,,,
2281,臺中市梧棲區大庄里文華街168巷1號,,,
2282,臺中市梧棲區居仁街209巷7號,,,
2283,臺中市梧棲區建國北街635號,,,
2284,臺中市梧棲區文化路1段88號,,,
2285,臺中市梧棲區梧北路117號,,,
2286,臺中市梧棲區民生街15之77號,,,
2287,臺中市梧棲區港埠路2段306號,,,
2288,臺中市梧棲區自強二街61號,,,
2289,臺中市梧棲區臺灣大道8段699號,,,
2290,臺中市梧棲區頂寮里梧北路117號,,,
2291,臺中市沙鹿區中棲路三條圳巷67號,,,
2292,臺中市沙鹿區中清路7段168號,,,
2293,臺中市沙鹿區北中七街39號,,,
2294,臺中市沙鹿區沙鹿里中正街34號,,,
2295,臺中市沙鹿區福人街52號,,,
2296,臺中市沙鹿區鹿寮里三條圳二街167號,,,
2297,臺中市清水區中清路9段876巷29號,,,
2298,臺中市清水區中社路54號,,,
2299,臺中市清水區中華路532號,,,
2300,臺中市清水區五權路336號,,,
2301,臺中市清水區建國路126號,,,
2302,臺中市清水區建國路80號,,,
2303,臺中市清水區橋江南街68號,,,
2304,臺中市清水區民有路46巷19號,,,
2305,臺中市清水區港新五路300號,,,
2306,臺中市潭子區興華一路445號,,,
2307,臺中市烏日區五光路948號,,,
2308,臺中市烏日區慶光路798號,,,
2309,臺中市石岡區九房里8鄰石城街復興巷11之3號,,,
2310,臺中市石岡區九房里明德路121號,,,
2311,臺中市石岡區明德路105號,,,
2312,臺中市石岡區石岡街1號,,,
2313,臺中市石岡區石岡街下坑巷153號,,,
2314,臺中市石岡區豐勢路308號,,,
2315,臺中市石岡區豐勢路國中巷1號,,,
2316,臺中市神岡區神圳路1號,,,
2317,臺中市神岡區神岡里中正南街80巷8號,,,
2318,臺中市臺中巿太平區長億六街1號,,,
2319,臺中市西區東興路3段246號,,,
2320,臺中市西區臺灣大道2段556號,,,
2321,臺中市西區臺灣大道2段566號,,,
2322,臺中市西屯區何南里臺灣大道2段659號,,,
2323,臺中市西屯區龍洋巷52之1號,,,
2324,臺中市豐原區三豐路2段89巷45號,,,
2325,臺中市豐原區信義街200號,,,
2326,臺中市豐原區信義街208號,,,
2327,臺中市豐原區信義街218號,,,
2328,臺中市豐原區北陽路8號,,,
2329,臺中市豐原區圓環西路95號,,,
2330,臺中市豐原區大湳里圓環北路1段190號,,,
2331,臺中市豐原區安康路280號,,,
2332,臺中市豐原區福德路2之1號,,,
2333,臺中市豐原區育仁路81號,,,
2334,臺中市豐原區豐南街2號,,,
2335,臺中市豐原區豐原大道1段609號,,,
2336,臺中市豐原區豐東路118巷18號,,,
2337,臺中市霧峰區中正路738之1號,,,
2338,臺中市霧峰區六股路51號,,,
2339,臺中市霧峰區坑口里育德路91巷18號,,,
2340,臺中市霧峰區蘭生街43號,,,
2341,臺中市龍井區東海里藝術街34號,,,
2342,臺中市龍井區竹坑里茄投路1段1巷35號,,,
2343,臺中市龍井區竹師路2段62巷68號,,,
2344,臺中市龍井區觀光路2號,,,
2345,臺中市龍井區龍崗里竹師路2段68號,,,
2346,臺中市龍井區龍門路40號,,,
2347,臺北市104中山區林森北路511號,,,
2348,臺北市中和街534號,,,
2349,臺北市中山區中山北路2段158號,,,
2350,臺北市中山區松江路283號,,,
2351,臺北市中山區民權東路1段69號,,,
2352,臺北市信義路3段134巷82號,,,
2353,臺北市內湖區內湖區五分街6號,,,
2354,臺北市內湖區內湖區湖興里民權東路6段99號,,,
2355,臺北市內湖區內湖路2段41號,,,
2356,臺北市內湖區北投區長安里光明路251號,,,
2357,臺北市內湖區南港區南港里南港路1段350號,,,
2358,臺北市內湖區南港區南港里市民大道8段367號,,,
2359,臺北市北投區凱達格蘭文化館教學點-北投區中山路3之1號,,,
2360,臺北市北投區北投國小教學點-北投區中央北路1段73號,,,
2361,臺北市北投區北投路2段17號,,,
2362,臺北市北投區淳覺植饌咖啡坊教學點-北投區育仁路16號,,,
2363,臺北市北投區關渡國中教學點-北投區關渡里知行路212號,,,
2364,臺北市士林區平菁街101號,,,
2365,臺北市士林區平菁街102號,,,
2366,臺北市大同區延平北路2段239號,,,
2367,臺北市大同區延平北路2段240號,,,
2368,臺北市大同區延平北路2段241號,,,
2369,臺北市大同區延平北路2段242號,,,
2370,臺北市大同區延平北路2段243號,,,
2371,臺北市大同區延平北路2段244號,,,
2372,臺北市大同區延平北路2段245號,,,
2373,臺北市大同區延平北路2段246號,,,
2374,臺北市大同區延平北路2段247號,,,
2375,臺北市大同區延平北路2段248號,,,
2376,臺北市大同區承德路3段285號,,,
2377,臺北市大同區民族西路105號,,,
2378,臺北市大同區老師里重慶北路3段318號,,,
2379,臺北市大安區信義路4段186巷7號,,,
2380,臺北市大安區吉利分館--臺北市北投區立農街1段366號,,,
2381,臺北市大安區大直分館--臺北市中山區大直街25號,,,
2382,臺北市大安區敦化南路2段11巷52號,,,
2383,臺北市延平北路5段136巷1號,,,
2384,臺北市建國南路2段125號,,,
2385,臺北市忠孝東路4段553巷50號,,,
2386,臺北市文山區木新里木柵路3段189號,,,
2387,臺北市文山區興隆路2段220巷51之1號,,,
2388,臺北市杭州南路1段15之1號,,,
2389,臺北市東園街90之1號,,,
2390,臺北市松山區光復南路46巷1之2號,,,
2391,臺北市松山區民生東路5段36巷4弄6號,,,
2392,臺北市臺北內湖區碧山路56號,,,
2393,臺南市七股區頂山里153之2號,,,
2394,臺南市七股區龍山里4號,,,
2395,臺南市下營區中山路2段122巷9號,,,
2396,臺南市下營區新北街27號,,,
2397,臺南市中西區民權路3段370號,,,
2398,臺南市仁德區中正路2段209號,,,
2399,臺南市仁德區太子二街125巷13號,,,
2400,臺南市仁德區文化路2段358巷201弄9之2號,,,
2401,臺南市仁德區文華路2段358巷201弄9之2號,,,
2402,臺南市仁德區正義一街39號,,,
2403,臺南市佳里區下營里頂?117號,,,
2404,臺南市佳里區下營里頂廍117號,,,
2405,臺南市佳里區佳南路446號,,,
2406,臺南市佳里區佳東路211號,,,
2407,臺南市佳里區佳興里16鄰佳里興376之2號,,,
2408,臺南市佳里區信義一街336號,,,
2409,臺南市佳里區光華街150巷2之2號,,,
2410,臺南市佳里區光華街156號,,,
2411,臺南市佳里區公園路282號,,,
2412,臺南市佳里區公園路445號,,,
2413,臺南市佳里區六安130號,,,
2414,臺南市佳里區六安里六安128之5號,,,
2415,臺南市佳里區安北路116號,,,
2416,臺南市佳里區安西里118之3號,,,
2417,臺南市佳里區安西里51鄰安西130之128號,,,
2418,臺南市佳里區安西里佳北路480號,,,
2419,臺南市佳里區文化路230號,,,
2420,臺南市佳里區文化路672號,,,
2421,臺南市佳里區文新里安西130之128號,,,
2422,臺南市佳里區新生路57號,,,
2423,臺南市佳里區番仔寮66之1號,,,
2424,臺南市佳里區義民街358號,,,
2425,臺南市六甲區七甲街89巷4號,,,
2426,臺南市六甲區中正路118號,,,
2427,臺南市六甲區中正路146巷1之1號,,,
2428,臺南市北區北成路212號,,,
2429,臺南市北門區三光里119號,,,
2430,臺南市北門區二重港28號,,,
2431,臺南市北門區蚵寮里791號,,,
2432,臺南市南化區227號,,,
2433,臺南市南化區南化里124號,,,
2434,臺南市南化區南化里172之1號,,,
2435,臺南市南化區南化里230號,,,
2436,臺南市南區喜樹路133號,,,
2437,臺南市南市安南區海環街84號,,,
2438,臺南市善化區中正路451號,,,
2439,臺南市善化區光復路182號,,,
2440,臺南市善化區六分寮26之1號,,,
2441,臺南市善化區六分里六分寮471號,,,
2442,臺南市善化區小新里97號,,,
2443,臺南市善化區東勢寮東隆里186之5號,,,
2444,臺南市善化區東隆里186之5號,,,
2445,臺南市善化區溪美里71號,,,
2446,臺南市善化區牛庄里138之2號,,,
2447,臺南市善化區牛庄里38之18號,,,
2448,臺南市善化區陽明路57巷76號,,,
2449,臺南市大內區環湖里56號,,,
2450,臺南市學甲區中山路116號,,,
2451,臺南市學甲區信義路17巷7號,,,
2452,臺南市學甲區光華里8鄰過港子65號,,,
2453,臺南市學甲區光華里過港子65號,,,
2454,臺南市學甲區東興街61號,,,
2455,臺南市學甲區民權路97號,,,
2456,臺南市學甲區綿和路40號,,,
2457,臺南市安南區功安一街162號,,,
2458,臺南市安南區安和路1段220巷52號,,,
2459,臺南市安南區安西一街26號,,,
2460,臺南市安南區海中街101巷10號,,,
2461,臺南市安南區海中街169巷59之1號,,,
2462,臺南市安南區海佃路2段509巷65號,,,
2463,臺南市安南區海尾路160號,,,
2464,臺南市安南區海環街186號,,,
2465,臺南市安南區育安街211號,,,
2466,臺南市安南區郡安路5段164巷12弄1號,,,
2467,臺南市安定區中榮里許中營27之1號,,,
2468,臺南市安平區建平里怡平路8號,,,
2469,臺南市官田區官田里11號,,,
2470,臺南市官田區官田里24鄰392號,,,
2471,臺南市官田區工業路31號,,,
2472,臺南市官田區渡頭里三塊厝78之1號,,,
2473,臺南市將軍區將軍里將貴58號,,,
2474,臺南市將軍區巷埔里北埔89之9號,,,
2475,臺南市將軍區忠興196號,,,
2476,臺南市山上區山上里134之1號,,,
2477,臺南市左鎮區岡林里31號,,,
2478,臺南市後壁區195號,,,
2479,臺南市後壁區侯伯里59之90號,,,
2480,臺南市後壁區新東里100之80號,,,
2481,臺南市後壁區新東里80之1號,,,
2482,臺南市後璧區新東里新港東路91之5號,,,
2483,臺南市文化路672號,,,
2484,臺南市新化區中山路167號,,,
2485,臺南市新化區中正路421號,,,
2486,臺南市新化區中興路377號,,,
2487,臺南市新化區和平街29號,,,
2488,臺南市新化區山?里78號,,,
2489,臺南市新化區正新路97號,,,
2490,臺南市新化區民生路15之1號,,,
2491,臺南市新化區知義里新和庄18之9號,,,
2492,臺南市新市區大營里豐榮55號,,,
2493,臺南市新市區大社里430號,,,
2494,臺南市新市區大順三路125號,,,
2495,臺南市新市區社內里91之22號,,,
2496,臺南市新市區社內里99之22號,,,
2497,臺南市新營區中正路39之9號,,,
2498,臺南市新營區太子路188號,,,
2499,臺南市新營區新東里10鄰東仁街10巷39號,,,
2500,臺南市新營區新進路45號,,,
2501,臺南市新營區東仁街10巷39號,,,
2502,臺南市新營區東興路77號,,,
2503,臺南市新營區民族路21之61號,,,
2504,臺南市新營區民生路43之35號,,,
2505,臺南市新營區民生路43之53號,,,
2506,臺南市東區育樂街197巷10之1號,,,
2507,臺南市東區裕忠路456號,,,
2508,臺南市東區裕農路878號,,,
2509,臺南市柳營區226之1號,,,
2510,臺南市柳營區中山東路2段956號,,,
2511,臺南市柳營區中山西路1段362號,,,
2512,臺南市楠西區東勢路160巷30號,,,
2513,臺南市歸仁區中正北路1段191之1號,,,
2514,臺南市歸仁區中正北路1段191號,,,
2515,臺南市歸仁區中正北路3段60號,,,
2516,臺南市歸仁區文化街1段100號,,,
2517,臺南市歸仁區文化街2段2號,,,
2518,臺南市永康區中山北路264巷185號,,,
2519,臺南市永康區中華一路39巷96號,,,
2520,臺南市永康區中華路58巷70號,,,
2521,臺南市永康區勝利街11巷10號,,,
2522,臺南市永康區國光二街11號,,,
2523,臺南市永康區大橋一街73巷34號,,,
2524,臺南市永康區大橋里大橋二街197之1號,,,
2525,臺南市永康區大灣東路239號,,,
2526,臺南市永康區復華三街5之1號,,,
2527,臺南市永康區成功里中華路58巷70號,,,
2528,臺南市永康區永大路1段287巷16號,,,
2529,臺南市永康區永大路3段618巷111號,,,
2530,臺南市永康區烏竹北街85號,,,
2531,臺南市永康區烏竹里烏竹北街85號,,,
2532,臺南市永康區王行路866巷29弄118號,,,
2533,臺南市永康區王行里永科七路200號,,,
2534,臺南市永康區王行里王行路866巷29弄118號,,,
2535,臺南市永康區網寮里永興路351號,,,
2536,臺南市玉井區中正路21巷43號,,,
2537,臺南市玉井區中華路228號,,,
2538,臺南市玉井區健康街10號,,,
2539,臺南市玉井區樹糖街22號,,,
2540,臺南市白河區中山路124號,,,
2541,臺南市臺南事官田區工業路31號,,,
2542,臺南市臺南士柳營區中山西路1段362號,,,
2543,臺南市臺南士柳營區柳營路2段59號,,,
2544,臺南市臺南士柳營區篤農里6鄰小腳腿226之1號,,,
2545,臺南市關廟區新埔里新埔三街32號,,,
2546,臺南市關廟區東勢里旺萊路139巷12號,,,
2547,臺南市關廟區龜洞里南雄南路568號,,,
2548,臺南市靠近新市區大社里大社關懷據點-大社里605號,,,
2549,臺南市鹽水區治水路254號,,,
2550,臺南市麻豆區中正路266號,,,
2551,臺南市麻豆區北勢寮70之11號,,,
2552,臺南市麻豆區北勢里尪祖廟41號,,,
2553,臺南市麻豆區南勢里36?204號,,,
2554,臺南市麻豆區南勢里36‑204號,,,
2555,臺南市麻豆區南勢里總爺12之1號,,,
2556,臺南市麻豆區大埕里65號,,,
2557,臺南市麻豆區大埕里中正路139號,,,
2558,臺南市麻豆區巷口里信義路1之1號,,,
2559,臺南市麻豆區平等路51之15號,,,
2560,臺南市麻豆區新生北路676號,,,
2561,臺南市麻豆區民族路12號,,,
2562,臺南市麻豆區油車里18號,,,
2563,臺南市麻豆區海埔里80之1號,,,
2564,臺南市麻豆區港尾里客子寮36之32號,,,
2565,臺南市麻豆區磚井里139之17號,,,
2566,臺南市麻豆區關帝廟23號,,,
2567,臺南市麻豆區麻佳路1段42號,,,
2568,臺南市麻豆區麻豆口54之7號,,,
2569,臺南市龍崎區21號,,,
2570,臺南市龍崎區崎頂里新市子33號,,,
2571,臺南市龍崎區崎頂里新市子41號,,,
2572,臺南市＿新營區長榮路2段78號,,,
2573,臺東縣大武村民族街29號,,,
2574,臺東縣大武鄉尚武村學府路3之1號,,,
2575,臺東縣太麻里鄉市隆路51號,,,
2576,臺東縣太麻里鄉德輝路12號,,,
2577,臺東縣延平鄉桃源村1鄰昇平路8之1號,,,
2578,臺東縣成功鎮三民里吉林街22號,,,
2579,臺東縣東河鄉東河村16鄰30號,,,
2580,臺東縣池上鄉大埔村5鄰大埔49之1號,,,
2581,臺東縣池上鄉萬安村5鄰13號,,,
2582,臺東縣臺東市中華路1段684號,,,
2583,臺東縣臺東市博愛路425號,,,
2584,臺東縣臺東市成功路146號,,,
2585,臺東縣臺東市新生里中興路1段281號,,,
2586,臺東縣臺東市新興里中華路1段868號,,,
2587,臺東縣臺東市豐谷里衡陽路46號,,,
2588,臺東縣達仁鄉臺?村1鄰5之1號,,,
2589,臺東縣金峰鄉正興村106號,,,
2590,臺東縣長濱鄉寧埔村八桑安35號,,,
2591,臺東縣長濱鄉長濱村長光21鄰67號,,,
2592,臺東縣關山鎮忠孝路18號,,,
2593,臺東縣鹿野鄉瑞源村同興路156號,,,
2594,臺東縣鹿野鄉瑞源村瑞景路1段327號,,,
2595,花蓮縣光復鄉自強路80巷29號,,,
2596,花蓮縣化仁國小--花蓮縣吉安鄉村東里11街83號,,,
2597,花蓮縣吉安國中體育館--花蓮縣吉安鄉中山路3段662號,,,
2598,花蓮縣吉安鄉仁里村仁里5街1號,,,
2599,花蓮縣嘉里國小--花蓮縣新城鄉嘉里三街28號,,,
2600,花蓮縣壽豐鄉豐山村中興街37號,,,
2601,花蓮縣富里鄉道化路74號,,,
2602,花蓮縣御花園KTV--吉安鄉吉祥四街1號,,,
2603,花蓮縣新城鄉新城村新興1街62號,,,
2604,花蓮縣明恥國小--花蓮市中興路41號,,,
2605,花蓮縣玉里鎮民生街52巷13號,,,
2606,花蓮縣瑞穗鄉中山路3段215之6號,,,
2607,花蓮縣瑞穗鄉富源路2之1號,,,
2608,花蓮縣秀林鄉景美村加灣111號,,,
2609,花蓮縣花蓮市中福路96號,,,
2610,花蓮縣花蓮市和平路599號,,,
2611,花蓮縣花蓮鳳林鎮中華路2號,,,
2612,花蓮縣莊敬路7號,,,
2613,花蓮縣萬榮鄉紅葉村1鄰9號,,,
2614,花蓮縣鳳林鎮南平里八德路56號,,,
2615,花蓮縣鳳林鎮林榮路221號,,,
2616,花蓮縣黑以妮手作幸福工坊--花蓮市中美11街15號,,,
2617,苗栗縣三灣鄉三灣村兜角13鄰22號,,,
2618,苗栗縣三灣鄉三灣村忠信路17號,,,
2619,苗栗縣三灣鄉三灣村肚兜角13鄰22號,,,
2620,苗栗縣三灣鄉中山路49號,,,
2621,苗栗縣三灣鄉忠信路17號,,,
2622,苗栗縣三義鄉廣盛村6鄰80號,,,
2623,苗栗縣三義鄉雙湖村106號,,,
2624,苗栗縣三義鄉雙湖村17鄰106之2號,,,
2625,苗栗縣三義鄉雙湖村17鄰106號,,,
2626,苗栗縣三義鄉雙潭村光復路45號,,,
2627,苗栗縣三義鄉雙潭村雙連潭110之7號,,,
2628,苗栗縣公館鄉南河村2鄰25號,,,
2629,苗栗縣公館鄉玉谷村4鄰124號,,,
2630,苗栗縣公館鄉館中村宮前路101號,,,
2631,苗栗縣公館鄉館東村14鄰忠孝路246號,,,
2632,苗栗縣南庄鄉東村文化路3號,,,
2633,苗栗縣大湖鄉大寮村竹高屋33號,,,
2634,苗栗縣後龍鎮中和里12鄰崎頂117號,,,
2635,苗栗縣後龍鎮中山路252號,,,
2636,苗栗縣後龍鎮中山路63號,,,
2637,苗栗縣後龍鎮大庄里大庄22之5號,,,
2638,苗栗縣後龍鎮溪洲里7鄰砂崙湖79之9號,,,
2639,苗栗縣後龍鎮溪洲里7鄰砂崙胡79之9號,,,
2640,苗栗縣後龍鎮龍津里10鄰94號,,,
2641,苗栗縣獅潭鄉46號,,,
2642,苗栗縣獅潭鄉新店村129號,,,
2643,苗栗縣獅潭鄉永興村7鄰50之1號,,,
2644,苗栗縣竹南鎮佳興里光復路452號,,,
2645,苗栗縣竹南鎮大厝里27鄰真如路560號,,,
2646,苗栗縣竹南鎮大厝里27鄰真如路5860號,,,
2647,苗栗縣竹南鎮延平路158之1號,,,
2648,苗栗縣竹南鎮延平路58之1號,,,
2649,苗栗縣竹南鎮海口里7鄰保福路20號,,,
2650,苗栗縣竹南鎮真如路560號,,,
2651,苗栗縣竹南鎮竹圍里竹圍仔90號,,,
2652,苗栗縣竹南鎮維新路221號,,,
2653,苗栗縣竹南鎮育才路6號,,,
2654,苗栗縣竹南鎮臨海路200號,,,
2655,苗栗縣苑裡鎮中山路312號,,,
2656,苗栗縣苑裡鎮新興路19號,,,
2657,苗栗縣苑裡鎮田心里6鄰63號,,,
2658,苗栗縣苑裡鎮育才街100號,,,
2659,苗栗縣苑裡鎮舊社里10鄰47號,,,
2660,苗栗縣苑裡鎮苑北里13鄰中山路312號,,,
2661,苗栗縣苑裡鎮西平里14鄰出水路64之11號,,,
2662,苗栗縣苗栗?通霄?中正路2巷9號,,,
2663,苗栗縣苗栗县通霄镇中正路2巷9號,,,
2664,苗栗縣苗栗市中正路755號,,,
2665,苗栗縣苗栗市中正路759號,,,
2666,苗栗縣苗栗市僑育北街62號,,,
2667,苗栗縣苗栗市啟賢街126號,,,
2668,苗栗縣苗栗市國華路1279號,,,
2669,苗栗縣苗栗市文山里文山41號,,,
2670,苗栗縣苗栗市維新里僑育北街62號,,,
2671,苗栗縣苗栗市維新里新庄街263號,,,
2672,苗栗縣苗栗市維新里新庄街271號,,,
2673,苗栗縣苗栗泰安鄉錦水村4鄰12號,,,
2674,苗栗縣西湖鄉二湖村2鄰土牛溝16之7號,,,
2675,苗栗縣通霄鎮中山路190巷1號,,,
2676,苗栗縣通霄鎮五北里五北18號,,,
2677,苗栗縣通霄鎮楓樹里6鄰71之1號,,,
2678,苗栗縣通霄鎮烏眉里3鄰39號,,,
2679,苗栗縣造橋鄉造橋村14鄰3之2號,,,
2680,苗栗縣造橋鄉鄉造橋村14鄰1號,,,
2681,苗栗縣造橋鄉錦水村4鄰31號,,,
2682,苗栗縣銅鑼鄉福興村中山路1號,,,
2683,苗栗縣銅鑼鄉竹森村4鄰22之1號,,,
2684,苗栗縣頭份市中央路275號,,,
2685,苗栗縣頭份市中正路219號,,,
2686,苗栗縣頭份市中華路890之2號,,,
2687,苗栗縣頭份市八德一路66號,,,
2688,苗栗縣頭份市尚順路49號,,,
2689,苗栗縣頭份市忠孝二路83號,,,
2690,苗栗縣頭份市東庄里八德一路66號,,,
2691,苗栗縣頭份市東興路37巷17號,,,
2692,苗栗縣頭份市永貞路1段206之1號,,,
2693,苗栗縣頭份市流東里老崎一之1號,,,
2694,苗栗縣頭份市自強里信東路90號,,,
2695,苗栗縣頭份市自強里信東路98號,,,
2696,苗栗縣頭屋鄉中正街86巷14號,,,
2697,苗栗縣頭屋鄉孔聖39號,,,
2698,苗栗縣頭屋鄉明德村6鄰81號,,,
2699,苗栗縣頭屋鄉獅潭村1鄰7之6號,,,
2700,苗栗縣頭屋鄉獅潭村9鄰124之6號,,,
2701,連江縣南竿鄉清水村96之11號,,,
2702,金門縣烈嶼鄉后井40號,,,
2703,金門縣烈嶼鄉西方村69號,,,
2704,金門縣金城鎮庵前18之2號,,,
2705,金門縣金城鎮民權路34號,,,
2706,金門縣金城鎮民權路70巷1之1號,,,
2707,金門縣金城鎮民權路90之6號,,,
2708,金門縣金城鎮民生路2號,,,
2709,金門縣金城鎮民生路45巷2弄8之3號,,,
2710,金門縣金城鎮環島北路1段38巷12弄12號,,,
2711,金門縣金城鎮西海路3段81巷2號,,,
2712,金門縣金城鎮西門里珠浦北路30號,,,
2713,金門縣金城鎮西門里環島北路1段1號,,,
2714,金門縣金城鎮西門里莒光路170號,,,
2715,金門縣金城鎮金城鎮西海路3段86號,,,
2716,金門縣金寧鄉仁愛新?1號,,,
2717,金門縣金寧鄉仁愛新村1號,,,
2718,金門縣金寧鄉仁愛新邨1號,,,
2719,金門縣金寧鄉古寧村450號,,,
2720,金門縣金寧鄉古寧村北山2號,,,
2721,金門縣金寧鄉安美村安岐1號,,,
2722,金門縣金寧鄉榜林27之1號,,,
2723,金門縣金寧鄉盤山村伯玉路2段460號,,,
2724,金門縣金沙鎮后浦頭117號,,,
2725,金門縣金沙鎮文化路450巷52號,,,
2726,金門縣金沙鎮汶沙里環島東路1段112號,,,
2727,金門縣金沙鎮環島東路1段112號,,,
2728,金門縣金湖鎮林森路2號,,,
2729,金門縣金湖鎮瓊林里瓊徑路35號,,,
2730,雲林縣二崙鄉三和村11鄰81之50號,,,
2731,雲林縣二崙鄉大華路61號,,,
2732,雲林縣二崙鄉崙西村中正路1號,,,
2733,雲林縣二崙鄉復興村隆興9之2號,,,
2734,雲林縣二崙鄉楊賢路142號,,,
2735,雲林縣二崙鄉油車村成功路26號,,,
2736,雲林縣二崙鄉港後村港後路98號,,,
2737,雲林縣元長鄉五塊村南火43號,,,
2738,雲林縣元長鄉元西路5號,,,
2739,雲林縣元長鄉元西路74巷1號,,,
2740,雲林縣元長鄉子茂村14號,,,
2741,雲林縣元長鄉子茂村子茂81號,,,
2742,雲林縣元長鄉新生路11號,,,
2743,雲林縣元長鄉長南村元南路125號,,,
2744,雲林縣元長鄉長南村元南路16號,,,
2745,雲林縣元長鄉頂寮村16之12號,,,
2746,雲林縣元長鄉頂山路17之25號,,,
2747,雲林縣元長鄉龍岩村龍岩路29號,,,
2748,雲林縣北港鎮光復路2號,,,
2749,雲林縣北港鎮北辰路一1號,,,
2750,雲林縣北港鎮文化路246號,,,
2751,雲林縣北港鎮民樂路238號,,,
2752,雲林縣北港鎮義民路209巷4號,,,
2753,雲林縣北港鎮華勝路655號,,,
2754,雲林縣口湖鄉光明路1號,,,
2755,雲林縣口湖鄉埔南村1之2號,,,
2756,雲林縣口湖鄉復興路175之6號,,,
2757,雲林縣口湖鄉梧北村復興路175之6號,,,
2758,雲林縣口湖鄉蚵寮村蚵寮路392號,,,
2759,雲林縣古坑鄉文昌路58之4號,,,
2760,雲林縣古坑鄉東和村長安路12號,,,
2761,雲林縣古坑鄉西平村中山路135號,,,
2762,雲林縣四湖鄉中山東路37號,,,
2763,雲林縣四湖鄉中山東路88號,,,
2764,雲林縣四湖鄉中山西路44之2號,,,
2765,雲林縣四湖鄉四湖村5鄰中山東路21之23號,,,
2766,雲林縣四湖鄉四湖村中山東路88號,,,
2767,雲林縣四湖鄉大同路47巷6號,,,
2768,雲林縣四湖鄉新市街158號,,,
2769,雲林縣四湖鄉美山街160號,,,
2770,雲林縣四湖鄉關聖路87號,,,
2771,雲林縣土庫鎮中山路252號,,,
2772,雲林縣土庫鎮中正路69號,,,
2773,雲林縣土庫鎮中興路59號,,,
2774,雲林縣土庫鎮成功路1之10號,,,
2775,雲林縣土庫鎮新庄里新庄318號,,,
2776,雲林縣土庫鎮林森路120號,,,
2777,雲林縣土庫鎮民權路43號,,,
2778,雲林縣土庫鎮石廟里中興路175號,,,
2779,雲林縣土庫鎮秀潭55號,,,
2780,雲林縣土庫鎮越港里成功路50巷1號,,,
2781,雲林縣大埤鄉嘉興村30號,,,
2782,雲林縣大埤鄉聯怡路100號,,,
2783,雲林縣崙背鄉仁愛街42之3號,,,
2784,雲林縣崙背鄉南光路390號,,,
2785,雲林縣崙背鄉南光路41號,,,
2786,雲林縣崙背鄉東興路1號,,,
2787,雲林縣崙背鄉行政街1號,,,
2788,雲林縣崙背鄉長青街100號,,,
2789,雲林縣崙背鄉長青路100號,,,
2790,雲林縣斗六市南揚街60號,,,
2791,雲林縣斗六市城頂街146之5號,,,
2792,雲林縣斗六市城頂街146號,,,
2793,雲林縣斗六市府前街103號,,,
2794,雲林縣斗六市榴北里南環路86號,,,
2795,雲林縣斗六市溪洲里竹圍路18號,,,
2796,雲林縣斗六市萬年路809號,,,
2797,雲林縣斗南鎮中山路169之171號,,,
2798,雲林縣斗南鎮光天路50號,,,
2799,雲林縣斗南鎮南昌路27號,,,
2800,雲林縣斗南鎮南生路1號,,,
2801,雲林縣斗南鎮文昌路150號,,,
2802,雲林縣斗南鎮林子路121號,,,
2803,雲林縣斗南鎮西歧里中山路170之8號,,,
2804,雲林縣東勢鄉仁愛路41號,,,
2805,雲林縣東勢鄉同安路95之1號,,,
2806,雲林縣東勢鄉嘉隆村守密街51之1號,,,
2807,雲林縣東勢鄉四安路25號,,,
2808,雲林縣東勢鄉昌南路120號,,,
2809,雲林縣東勢鄉月興路7之1號,,,
2810,雲林縣東勢鄉東北村民權路110號,,,
2811,雲林縣東勢鄉東榮路29巷19號,,,
2812,雲林縣林內鄉三星路9之2號,,,
2813,雲林縣林內鄉增產路48號,,,
2814,雲林縣水林鄉水南村埔尾路68之6號,,,
2815,雲林縣水林鄉水林路238號,,,
2816,雲林縣水林鄉灣東村40號,,,
2817,雲林縣臺西鄉中山路293號,,,
2818,雲林縣臺西鄉五港路100之2號,,,
2819,雲林縣臺西鄉忠孝路114號,,,
2820,雲林縣臺西鄉民權路24號,,,
2821,雲林縣臺西鄉民權路6巷2號,,,
2822,雲林縣臺西鄉民生路52號,,,
2823,雲林縣臺西鄉海口村中山路299巷1號,,,
2824,雲林縣臺西鄉溪頂村151之2號,,,
2825,雲林縣興華村15鄰興華3號,,,
2826,雲林縣莿桐鄉北平路45號,,,
2827,雲林縣莿桐鄉興貴村興北63之7號,,,
2828,雲林縣莿桐鄉麻園村榮貫133號,,,
2829,雲林縣莿桐鄉麻園村榮貫路133號,,,
2830,雲林縣虎尾鎮八德街158號,,,
2831,雲林縣虎尾鎮北溪里北溪路10之2號,,,
2832,雲林縣虎尾鎮埒內里143之5號,,,
2833,雲林縣虎尾鎮堀頭里87之2號,,,
2834,雲林縣虎尾鎮大屯69之3號,,,
2835,雲林縣虎尾鎮安溪6號,,,
2836,雲林縣虎尾鎮廉使里1020號,,,
2837,雲林縣虎尾鎮文化路100號,,,
2838,雲林縣虎尾鎮新興路173號,,,
2839,雲林縣虎尾鎮林森路1段498號,,,
2840,雲林縣虎尾鎮民主路1號,,,
2841,雲林縣虎尾鎮水源路14號,,,
2842,雲林縣虎尾鎮清雲路507號,,,
2843,雲林縣虎尾鎮科雲南路51號,,,
2844,雲林縣虎尾鎮立仁里5鄰北平路199號,,,
2845,雲林縣虎尾鎮興南1之20號,,,
2846,雲林縣虎尾鎮興南80之3號,,,
2847,雲林縣虎尾鎮興南里番薯段623號,,,
2848,雲林縣虎尾鎮西屯里228之5號,,,
2849,雲林縣褒忠鄉中正路206巷8號,,,
2850,雲林縣褒忠鄉中正路451號,,,
2851,雲林縣褒忠鄉復興路25之15號,,,
2852,雲林縣褒忠鄉新湖村新湖2之3號,,,
2853,雲林縣褒忠鄉龍岩路97之1號,,,
2854,雲林縣西螺鎮公正路30號,,,
2855,雲林縣西螺鎮埔心路22之1號,,,
2856,雲林縣西螺鎮埤頭里1之1號,,,
2857,雲林縣西螺鎮廣興里84號,,,
2858,雲林縣西螺鎮延平路180號,,,
2859,雲林縣西螺鎮延平路72號,,,
2860,雲林縣西螺鎮新街路117號,,,
2861,雲林縣西螺鎮永安里大同路120號,,,
2862,雲林縣西螺鎮永安里大橋路8號,,,
2863,雲林縣西螺鎮河南里河南58之2號,,,
2864,雲林縣西螺鎮社口88號,,,
2865,雲林縣西螺鎮福來路130巷33號,,,
2866,雲林縣麥寮鄉7鄰69之1號,,,
2867,雲林縣麥寮鄉中山路200巷80號,,,
2868,雲林縣麥寮鄉新吉村7鄰新吉69之1號,,,
2869,雲林縣麥寮鄉新興路27之6號,,,
2870,雲林縣麥寮鄉施厝村仁德東路502號,,,
2871,雲林縣麥寮鄉橋頭路247號,,,
2872,雲林縣麥寮鄉泰順路306號,,,
2873,雲林縣麥寮鄉麥豐村自由路232號,,,
2874,高雄市三民區中華三路308號,,,
2875,高雄市三民區九如一路232號,,,
2876,高雄市三民區九如一路720號,,,
2877,高雄市三民區光武路72號,,,
2878,高雄市三民區博愛一路289號,,,
2879,高雄市三民區博愛一路372號,,,
2880,高雄市三民區同盟二路60號,,,
2881,高雄市三民區大裕路333號,,,
2882,高雄市三民區大順二路659號,,,
2883,高雄市三民區建和街75號,,,
2884,高雄市三民區建興路391號,,,
2885,高雄市三民區正興路74號,,,
2886,高雄市三民區禮明路78號,,,
2887,高雄市三民區自由一路50號,,,
2888,高雄市三民區自立一路535號,,,
2889,高雄市三民區興隆街58號,,,
2890,高雄市三民區褒揚東街78號,,,
2891,高雄市三民區金鼎路81號,,,
2892,高雄市三民區鼎和街76號,,,
2893,高雄市三民區鼎山區611號,,,
2894,高雄市三民區鼎金一巷36號,,,
2895,高雄市三民區龍?路15之1號,,,
2896,高雄市三民裕誠路1號,,,
2897,高雄市中華一路25號,,,
2898,高雄市仁武區仁心路31號,,,
2899,高雄市仁武區仁林路35號,,,
2900,高雄市仁武區八卦里八德西路1658之5號,,,
2901,高雄市仁武區八德西路1658號,,,
2902,高雄市仁武區文館路2號,,,
2903,高雄市仁武區林山巷30之1號,,,
2904,高雄市仁武區永仁街646號,,,
2905,高雄市仁武區永樂街1號,,,
2906,高雄市仁武區澄新四街28號,,,
2907,高雄市仁武區澄觀路1段152巷33弄57之1號,,,
2908,高雄市仁武區霞海路358號,,,
2909,高雄市內門區中正路203號,,,
2910,高雄市內門區內豐村140之1號,,,
2911,高雄市內門區溝坪里廣福28之10號,,,
2912,高雄市內門區觀亭里中正路227號,,,
2913,高雄市六龜區光明巷40號,,,
2914,高雄市六龜區光明巷44號,,,
2915,高雄市六龜區和平路43號,,,
2916,高雄市六龜區義寶里維新街1巷2號,,,
2917,高雄市六龜區荖濃里南橫路97號,,,
2918,高雄市前金區中山二路533號,,,
2919,高雄市前金區中正四路261號,,,
2920,高雄市前鎮區中山二路13號,,,
2921,高雄市前鎮區南寧街167號,,,
2922,高雄市前鎮區同安路120號,,,
2923,高雄市前鎮區廣東三街73號,,,
2924,高雄市前鎮區德昌路413巷7號,,,
2925,高雄市前鎮區新生路1號,,,
2926,高雄市前鎮區永豐路142號,,,
2927,高雄市前鎮區興順街40號,,,
2928,高雄市前鎮區鎮東一街118號,,,
2929,高雄市前鎮區高雄市前鎮區凱旋四路105號,,,
2930,高雄市博愛一路372號,,,
2931,高雄市博愛一路70號,,,
2932,高雄市博愛三路453號,,,
2933,高雄市大寮區仁德路150之8號,,,
2934,高雄市大寮區力行路88之1號,,,
2935,高雄市大寮區四維路340號,,,
2936,高雄市大寮區山頂里山頂路178號,,,
2937,高雄市大寮區拷潭路174之20號,,,
2938,高雄市大寮區民族路311號,,,
2939,高雄市大寮區自強街25巷3號,,,
2940,高雄市大寮區進學路150號,,,
2941,高雄市大寮區鳳林三路492號,,,
2942,高雄市大樹區中華路國小巷1號,,,
2943,高雄市大樹區久堂路140號,,,
2944,高雄市大樹區久堂路97號,,,
2945,高雄市大樹區水寮里中華路100之6號,,,
2946,高雄市大社區和平路1段60之6號,,,
2947,高雄市大社區大社路116號,,,
2948,高雄市大社區大社路87之3號,,,
2949,高雄市大社區大社里大社路116之1號,,,
2950,高雄市大社區翠屏路100號,,,
2951,高雄市大社區金龍路120號,,,
2952,高雄市大順二路468號,,,
2953,高雄市小港區中山四路29號,,,
2954,高雄市小港區山明路482號,,,
2955,高雄市小港區平治街46號,,,
2956,高雄市小港區松福街123號,,,
2957,高雄市小港區飛機路153號,,,
2958,高雄市小港區鳳福路3號,,,
2959,高雄市岡山區公園東路131號,,,
2960,高雄市岡山區國軒路289號,,,
2961,高雄市岡山區壽天路66號,,,
2962,高雄市岡山區大仁路105號,,,
2963,高雄市岡山區岡山路303巷36號,,,
2964,高雄市岡山區文化街4號,,,
2965,高雄市岡山區新樂街77之3號,,,
2966,高雄市岡山區華園二路15號,,,
2967,高雄市左營區先鋒路293號,,,
2968,高雄市左營區南大路4號,,,
2969,高雄市左營區崇信路215號,,,
2970,高雄市左營區左營大路419巷80號,,,
2971,高雄市左營區建業新村緯十一路17號,,,
2972,高雄市左營區文上路58號,,,
2973,高雄市左營區文川路433號,,,
2974,高雄市左營區文自路238號,,,
2975,高雄市左營區新莊仔路30號,,,
2976,高雄市左營區明誠二路524號,,,
2977,高雄市左營區果峰街8號,,,
2978,高雄市左營區榮總路201號,,,
2979,高雄市左營區環潭路58號,,,
2980,高雄市左營區立大路320號,,,
2981,高雄市左營區華夏路262號,,,
2982,高雄市左營區重信路215號,,,
2983,高雄市左營區重立路158號,,,
2984,高雄市市中一路339號,,,
2985,高雄市建和街58號,,,
2986,高雄市彌陀區中正路213號,,,
2987,高雄市新生路1號,,,
2988,高雄市新興區大明里中正四路53號,,,
2989,高雄市新興區民生一路193號,,,
2990,高雄市旗山區延平一路446號,,,
2991,高雄市旗山區延平一路655之2號,,,
2992,高雄市旗山區復新街68號,,,
2993,高雄市旗山區文中路4號,,,
2994,高雄市旗山區旗甲路2段256巷4號,,,
2995,高雄市旗山區湄州里中山路32號,,,
2996,高雄市曾子路281號,,,
2997,高雄市杉?區大愛?和氣街150巷12號,,,
2998,高雄市杉林區司馬路24巷27號,,,
2999,高雄市杉林區大愛路1號,,,
3000,高雄市杉林區月美里桐竹路208號,,,
3001,高雄市杉林區清水路公明巷17之3號,,,
3002,高雄市杉林區清水路公明巷17號,,,
3003,高雄市林園區仁愛路221號,,,
3004,高雄市林園區仁愛路265號,,,
3005,高雄市林園區信義路69巷40號,,,
3006,高雄市林園區忠孝西路20號,,,
3007,高雄市林園區林園北路438號,,,
3008,高雄市林園區溪洲里溪州二路272巷2號,,,
3009,高雄市林園區王公里仁愛路265號,,,
3010,高雄市林園區鳳林路1段220號,,,
3011,高雄市桃源區北進巷50號,,,
3012,高雄市桃源區南橫公路3段201號,,,
3013,高雄市桃源區建山巷86之2號,,,
3014,高雄市桃源區建山里86之2號,,,
3015,高雄市桃源區桃源里南進巷151號,,,
3016,高雄市桃源區桃源里南進巷196號,,,
3017,高雄市梓官區廣澤路3號,,,
3018,高雄市梓官區梓官路361號,,,
3019,高雄市梓官區漁港二路30號,,,
3020,高雄市梓官區茄苳里嘉好路64巷1號,,,
3021,高雄市梓官區赤崁西路24號,,,
3022,高雄市梓官區赤崁西路80號,,,
3023,高雄市梓官區通安路305巷65號,,,
3024,高雄市楠梓區土庫八街277號,,,
3025,高雄市楠梓區土庫路81號,,,
3026,高雄市楠梓區宏毅二路南12巷2號,,,
3027,高雄市楠梓區廣昌街175巷37號,,,
3028,高雄市楠梓區後勁東路22號,,,
3029,高雄市楠梓區後昌路765號,,,
3030,高雄市楠梓區德賢路380巷26號,,,
3031,高雄市楠梓區惠春街190號,,,
3032,高雄市楠梓區惠豐里青田街87號,,,
3033,高雄市楠梓區慶昌街13號,,,
3034,高雄市楠梓區旗楠路122號,,,
3035,高雄市楠梓區楠梓東街23號,,,
3036,高雄市楠梓區楠梓西巷45之1號,,,
3037,高雄市楠梓區清豐二路142號,,,
3038,高雄市楠梓區盛昌街161號,,,
3039,高雄市楠梓區裕昌街312號,,,
3040,高雄市楠梓區軍校路880巷36弄18號,,,
3041,高雄市楠梓區青田街58號,,,
3042,高雄市楠梓區青田街87號,,,
3043,高雄市橋頭區橋頭火車站1號,,,
3044,高雄市橋頭區興堂路2巷14號,,,
3045,高雄市橋頭區興糖路3巷3號,,,
3046,高雄市橋頭區興糖路3號,,,
3047,高雄市橋頭區興糖路9巷1號,,,
3048,高雄市橋頭鄉興糖路4巷1號,,,
3049,高雄市永安區光明九巷34號,,,
3050,高雄市永安區新港里新興路66之1號,,,
3051,高雄市永安區新興路27之2號,,,
3052,高雄市湖內區葉厝里清水街50巷7號,,,
3053,高雄市澄新四街28號,,,
3054,高雄市澄新四街60號,,,
3055,高雄市燕巢區尖山里紅山巷91號,,,
3056,高雄市燕巢區東燕里中華路177號,,,
3057,高雄市燕巢區西燕里中民路592號,,,
3058,高雄市田寮區七星路68之50號,,,
3059,高雄市田寮區七星里6鄰七星路68之50號,,,
3060,高雄市田寮區古亭路廟後巷1號,,,
3061,高雄市田寮區崇德路91號,,,
3062,高雄市田寮區崇德路9之1號,,,
3063,高雄市甲仙區中正路99巷12號,,,
3064,高雄市甲仙區竹山巷18之3號,,,
3065,高雄市盛昌街161號,,,
3066,高雄市美濃區上興街55號,,,
3067,高雄市美濃區中圳里民權路57號,,,
3068,高雄市美濃區中山路1段23號,,,
3069,高雄市美濃區中正路2段231號,,,
3070,高雄市美濃區光明路102號,,,
3071,高雄市美濃區廣林里13鄰廣福街153號,,,
3072,高雄市美濃區廣林里廣福街152巷60之5號,,,
3073,高雄市美濃區忠孝路1段19號,,,
3074,高雄市美濃區忠孝路2段50之2號,,,
3075,高雄市美濃區朝元95號,,,
3076,高雄市美濃區民族路111巷3號,,,
3077,高雄市美濃區民族路79號,,,
3078,高雄市美濃區永安路201號,,,
3079,高雄市美濃區永安路56號,,,
3080,高雄市美濃區泰安路228號,,,
3081,高雄市美濃區環湖路81號,,,
3082,高雄市美濃區福安街15巷9之1號,,,
3083,高雄市美濃區福美路281號,,,
3084,高雄市美濃區福美路73巷5之5號,,,
3085,高雄市美濃區美興街215號,,,
3086,高雄市美濃區自強街1段415巷6弄6號,,,
3087,高雄市美濃區雙峰街18號,,,
3088,高雄市義華路166號,,,
3089,高雄市自由一路50號,,,
3090,高雄市自立一路535號,,,
3091,高雄市臺塑六巷21號,,,
3092,高雄市興糖區3巷3號,,,
3093,高雄市興糖路3巷3號,,,
3094,高雄市苓雅區三多二路9號,,,
3095,高雄市苓雅區五福三路101號,,,
3096,高雄市苓雅區建軍路2號,,,
3097,高雄市苓雅區福壽街136號,,,
3098,高雄市苓雅區福德三路93號,,,
3099,高雄市茄萣區光定里9鄰茄萣路1段201號,,,
3100,高雄市路竹區下坑村太平路315號,,,
3101,高雄市路竹區國昌路128號,,,
3102,高雄市路竹區國昌路86巷9號,,,
3103,高雄市那瑪夏區達卡努瓦里二鄰秀嶺巷82號,,,
3104,高雄市重立路158號,,,
3105,高雄市阿蓮區中正路381巷35號,,,
3106,高雄市阿蓮區民族路163號,,,
3107,高雄市雄市旗津區中洲三路623號,,,
3108,高雄市高坪27街328號,,,
3109,高雄市高屏27街328號,,,
3110,高雄市高雄市小港區平治街42號,,,
3111,高雄市鳥松區?埔路4巷10號,,,
3112,高雄市鳥松區仁美里學堂路2號,,,
3113,高雄市鳥松區坔埔路4巷10號,,,
3114,高雄市鳥松區大同路23之5號,,,
3115,高雄市鳳山區中正路215號,,,
3116,高雄市鳳山區五權南路231號,,,
3117,高雄市鳳山區光復路1段103號,,,
3118,高雄市鳳山區光復路2段120號,,,
3119,高雄市鳳山區凱旋路275號,,,
3120,高雄市鳳山區勝利路10號,,,
3121,高雄市鳳山區勝利路22號,,,
3122,高雄市鳳山區南福街152巷15號,,,
3123,高雄市鳳山區大德街82號,,,
3124,高雄市鳳山區文衡里文殿街2號,,,
3125,高雄市鳳山區東三巷101號,,,
3126,高雄市鳳山區東五巷117號,,,
3127,高雄市鳳山區武營路239巷23號,,,
3128,高雄市鳳山區自治街83巷2號,,,
3129,高雄市鳳山區自由路201號,,,
3130,高雄市鳳山區鎮北街102號,,,
3131,高雄市鳳山區鳳仁路156之1號,,,
3132,高雄市鳳山區黃埔新村東五巷124號,,,
3133,高雄市鹽埕區中正四路272號,,,
3134,高雄市鼓山區中華一路2133巷47號,,,
3135,高雄市鼓山區中華一路25號,,,
3136,高雄市鼓山區中華一路45號,,,
3137,高雄市鼓山區慶豐街18號,,,
3138,高雄市鼓山區捷興二街18號,,,
3139,高雄市鼓山區明華路315號,,,
3140,高雄市鼓山區河川街76巷6弄2號,,,
3141,高雄市鼓山區河西一路211號,,,
3142,高雄市鼓山區登山街36號,,,
3143,高雄市鼓山區美術東一路28號,,,
3144,高雄市鼓山區翠華路246號,,,
3145,高雄市鼓山區西藏街239號,,,
3146,高雄市鼓山區雄峰路18號,,,
