raw,county,source,reason,count
內湖高工,臺北市,taipei-cc,只有場地名,552
臺北市濟南路一段六號,臺北市,moe-cc-courses,只有場地名,347
市立大里高中,臺中市,moe-cc-courses,只有場地名,165
信義,,cc-shared-platform,只有場地名,152
稻江,,cc-shared-platform,只有場地名,150
成德,,cc-shared-platform,只有場地名,134
臺北市南港運動中心 5F,,xuanen-centers,只有場地名,127
景美,,cc-shared-platform,只有場地名,126
林口國民運動中心 一樓綜合教室,,xuanen-centers,只有場地名,113
校本部,,cc-shared-platform,只有場地名,109
豐東國中,臺中市,moe-cc-courses,只有場地名,101
三峽,,cc-shared-platform,只有場地名,94
臺北市南港運動中心 2F,,xuanen-centers,只有場地名,88
竹東鎮,,cc-shared-platform,只有場地名,79
竹北,,cc-shared-platform,只有場地名,78
桃園市,桃園市,taiwanjobs,只有場地名,77
校本,,cc-shared-platform,只有場地名,75
校本部（河濱國小),高雄市,moe-cc-courses,只有場地名,74
臺中市太平國民暨兒童運動中心 游泳池,,xuanen-centers,只有場地名,73
潭子,,cc-shared-platform,只有場地名,69
長春國民暨兒童運動中心 游泳池,,xuanen-centers,只有場地名,69
佳里國中,臺南市,moe-cc-courses,只有場地名,68
僑忠國小,臺中市,moe-cc-courses,只有場地名,65
彰化縣彰北國民運動中心 游泳池,,xuanen-centers,只有場地名,64
東區,,cc-shared-platform,只有場地名,61
桃園國民運動中心 韻律教室1,,xuanen-centers,只有場地名,59
臺北市內湖運動中心 游泳池,,xuanen-centers,只有場地名,58
鷺江國小,新北市,moe-cc-courses,只有場地名,56
康寧大學,臺北市,taipei-cc,只有場地名,55
高雄市鳳山運動園區 游泳池,,xuanen-centers,只有場地名,54
楊梅體育園區 瑜珈教室,,xuanen-centers,只有場地名,53
戶外,,cc-shared-platform,只有場地名,52
臺中市大里國民暨兒童運動中心 游泳池,,xuanen-centers,只有場地名,51
豐湖,,cc-shared-platform,只有場地名,50
真理大學台南校區,臺南市,moe-cc-courses,只有場地名,49
桃園國民運動中心 韻律教室3,,xuanen-centers,只有場地名,49
wdyg-wd32 游泳池,,xuanen-centers,只有場地名,48
港工,,cc-shared-platform,只有場地名,47
北辰國小,雲林縣,yunlin-cc,只有場地名,46
臺中市北屯國民暨兒童運動中心 韻律教室1,,xuanen-centers,只有場地名,45
十興,,cc-shared-platform,只有場地名,44
臺北市文山運動中心 七樓體適能教室,,xuanen-centers,只有場地名,43
新化國中,臺南市,moe-cc-courses,只有場地名,42
桃園國民運動中心 4樓教室(羽球場旁),,xuanen-centers,只有場地名,42
福東校區（福東國小),高雄市,moe-cc-courses,只有場地名,41
臺中市太平國民暨兒童運動中心 403,,xuanen-centers,只有場地名,41
東勢區-東勢高工,臺中市,moe-cc-courses,只有場地名,40
林口國民運動中心 韻律教室一,,xuanen-centers,只有場地名,40
八德國民運動中心 202韻律教室,,xuanen-centers,只有場地名,40
臺北市中山運動中心 2F有氧教室,,xuanen-centers,只有場地名,39
臺中市太平國民暨兒童運動中心 402,,xuanen-centers,只有場地名,39
明新科大,新竹縣,moe-cc-courses,只有場地名,37
勞動力發展署中彰投分署,臺中市,mol-6614,只有場地名,37
桃園國民運動中心 二樓教室,,xuanen-centers,只有場地名,37
臺北市文山運動中心 201教室,,xuanen-centers,只有場地名,37
彰化縣彰北國民運動中心 404韻律教室,,xuanen-centers,只有場地名,37
林口國民運動中心 飛輪教室,,xuanen-centers,只有場地名,36
高雄市鳳山運動園區 羽球館,,xuanen-centers,只有場地名,36
長春國民暨兒童運動中心 B教室(3F),,xuanen-centers,只有場地名,36
六家,,cc-shared-platform,只有場地名,35
羅東自然教育中心,,forest-nature-edu,只有場地名,35
長春國民暨兒童運動中心 A教室(3F),,xuanen-centers,只有場地名,35
臺中市朝馬國民運動中心 綜合教室,,xuanen-centers,只有場地名,34
宜蘭國民運動中心 多功能教室C,,xuanen-centers,只有場地名,34
臺北市大同運動中心 201教室(飛輪),,xuanen-centers,只有場地名,34
校本部(自強國中),新竹縣,moe-cc-courses,只有場地名,33
勞動力發展署雲嘉南分署,臺南市,mol-6614,只有場地名,33
戶外,臺北市,taipei-cc,只有場地名,33
中壢國民運動中心 韻律教室1,,xuanen-centers,只有場地名,33
臺北市大同運動中心 401教室,,xuanen-centers,只有場地名,33
臺北市大同運動中心 402教室,,xuanen-centers,只有場地名,33
臺北市內湖運動中心 505教室,,xuanen-centers,只有場地名,32
八德國民運動中心 203韻律教室,,xuanen-centers,只有場地名,32
臺北市文山運動中心 501教室,,xuanen-centers,只有場地名,32
汐止國民運動中心 602飛輪教室,,xuanen-centers,只有場地名,31
八德國民運動中心 2F多功能教室,,xuanen-centers,只有場地名,31
長春國民暨兒童運動中心 101教室(1F),,xuanen-centers,只有場地名,31
木柵,,cc-shared-platform,只有場地名,30
臺北市中山運動中心 2F社區教室,,xuanen-centers,只有場地名,30
臺北市內湖運動中心 B01教室,,xuanen-centers,只有場地名,30
中壢國民運動中心 飛輪教室,,xuanen-centers,只有場地名,30
八德國民運動中心 飛輪教室,,xuanen-centers,只有場地名,30
高雄市鳳山運動園區 1F多功能教室,,xuanen-centers,只有場地名,30
戶外,臺北市,moe-cc-courses,只有場地名,29
汐止國民運動中心 402教室,,xuanen-centers,只有場地名,29
中壢國民運動中心 韻律教室3,,xuanen-centers,只有場地名,29
宜蘭國民運動中心 韻律教室B,,xuanen-centers,只有場地名,29
臺中市大里國民暨兒童運動中心 韻律C瑜珈教室,,xuanen-centers,只有場地名,29
高雄市苓雅運動中心 502教室,,xuanen-centers,只有場地名,29
臺中市太平國民暨兒童運動中心 301,,xuanen-centers,只有場地名,29
中壢國民運動中心 多功能教室(4樓),,xuanen-centers,只有場地名,28
林口國民運動中心 三樓多功能教室,,xuanen-centers,只有場地名,28
臺中市北屯國民暨兒童運動中心 韻律教室2,,xuanen-centers,只有場地名,28
永和國民運動中心 韻律教室二,,xuanen-centers,只有場地名,27
臺北市中山運動中心 1F瑜珈教室,,xuanen-centers,只有場地名,26
臺中市朝馬國民運動中心 韻律教室,,xuanen-centers,只有場地名,26
臺北市內湖運動中心 B02教室,,xuanen-centers,只有場地名,26
中壢國民運動中心 韻律教室2,,xuanen-centers,只有場地名,26
臺中市北屯國民暨兒童運動中心 社區教室,,xuanen-centers,只有場地名,26
宜蘭國民運動中心 多功能教室B,,xuanen-centers,只有場地名,26
高雄市苓雅運動中心 羽球館(東),,xuanen-centers,只有場地名,26
中正,,cc-shared-platform,只有場地名,25
校外,,cc-shared-platform,只有場地名,25
戶外教學,新北市,moe-cc-courses,只有場地名,25
汐止國民運動中心 401教室,,xuanen-centers,只有場地名,25
永和國民運動中心 韻律教室一,,xuanen-centers,只有場地名,25
臺北市內湖運動中心 506教室,,xuanen-centers,只有場地名,25
桃園國民運動中心 飛輪教室,,xuanen-centers,只有場地名,25
中壢國民運動中心 社區教室,,xuanen-centers,只有場地名,25
新竹市立竹光國民運動中心 韻律教室二,,xuanen-centers,只有場地名,25
嘉義縣朴子市,嘉義縣,moe-cc-courses,只有場地名,24
臺北市中山運動中心 2F飛輪教室,,xuanen-centers,只有場地名,24
永和國民運動中心 飛輪教室,,xuanen-centers,只有場地名,24
臺中市朝馬國民運動中心 社區教室,,xuanen-centers,只有場地名,24
臺北市文山運動中心 502教室,,xuanen-centers,只有場地名,24
高雄市鳳山運動園區 2F有氧教室,,xuanen-centers,只有場地名,24
wdyg-wd22 游泳池,,xuanen-centers,只有場地名,24
池南自然教育中心,,forest-nature-edu,只有場地名,23
林口國民運動中心 韻律教室二,,xuanen-centers,只有場地名,23
高雄市鳳山運動園區 3F瑜珈教室,,xuanen-centers,只有場地名,23
勞動力發展署桃竹苗分署,桃園市,mol-6614,只有場地名,22
臺北市內湖運動中心 飛輪教室,,xuanen-centers,只有場地名,22
臺北市文山運動中心 飛輪教室,,xuanen-centers,只有場地名,22
臺北市大同運動中心 103教室(社區),,xuanen-centers,只有場地名,22
高雄市鳳山運動園區 3F舞蹈教室,,xuanen-centers,只有場地名,22
長春國民暨兒童運動中心 102教室(廟旁),,xuanen-centers,只有場地名,22
校本部-國風國中--國風國中教室,花蓮縣,moe-cc-courses,只有場地名,21
汐止國民運動中心 603教室,,xuanen-centers,只有場地名,21
永和國民運動中心 社區教室,,xuanen-centers,只有場地名,21
林口國民運動中心 三樓社區教室,,xuanen-centers,只有場地名,21
樹林國民運動中心 韻律一,,xuanen-centers,只有場地名,21
臺中市大里國民暨兒童運動中心 韻律A有氧教室,,xuanen-centers,只有場地名,21
高雄市苓雅運動中心 101教室,,xuanen-centers,只有場地名,21
楊梅體育園區 飛輪教室,,xuanen-centers,只有場地名,21
總爺國小,臺南市,moe-cc-courses,只有場地名,20
林口國民運動中心 依實際人數安排教室,,xuanen-centers,只有場地名,20
長春國民暨兒童運動中心 201教室(2F),,xuanen-centers,只有場地名,20
高雄市苓雅運動中心 游泳池,,xuanen-centers,只有場地名,20
大雅,,cc-shared-platform,只有場地名,19
楊梅體育園區 有氧教室,,xuanen-centers,只有場地名,19
知本自然教育中心,,forest-nature-edu,只有場地名,18
戶外課程,新竹縣,moe-cc-courses,只有場地名,18
若開學前三天未收到簡訊通知，請與辦公室聯絡02-87897316,臺北市,moe-cc-courses,只有場地名,18
文澳國小教室,澎湖縣,moe-cc-courses,只有場地名,18
上課地點，詳參課表或開學班級確認,臺北市,taipei-cc,只有場地名,18
其他,,taiwanjobs,只有場地名,18
臺北市中山運動中心 游泳池,,xuanen-centers,只有場地名,18
臺北市中山運動中心 3F教室,,xuanen-centers,只有場地名,18
臺北市文山運動中心 101教室,,xuanen-centers,只有場地名,18
宜蘭國民運動中心 韻律教室A,,xuanen-centers,只有場地名,18
臺北市士林運動中心 羽球場,,xuanen-centers,只有場地名,18
高雄市苓雅運動中心 401(東)教室,,xuanen-centers,只有場地名,18
若開學前三天未收到簡訊通知，請與辦公室聯絡02-87897316,臺北市,taipei-cc,只有場地名,17
汐止國民運動中心 403教室,,xuanen-centers,只有場地名,17
臺北市士林運動中心 舞蹈教室3,,xuanen-centers,只有場地名,17
土小,,cc-shared-platform,只有場地名,16
文澳國小教室,澎湖縣,penghu-cc-portal,只有場地名,16
臺北市士林運動中心 舞蹈教室1,,xuanen-centers,只有場地名,16
東眼山自然教育中心,,forest-nature-edu,只有場地名,15
雙流自然教育中心,,forest-nature-edu,只有場地名,15
內埔國小,臺中市,moe-cc-courses,只有場地名,15
校外（請見課程內容說明）,臺南市,moe-cc-courses,只有場地名,15
康寧會館,臺北市,taipei-cc,只有場地名,15
汐止國民運動中心 待分配教室,,xuanen-centers,只有場地名,15
臺中市朝馬國民運動中心 瑜珈教室,,xuanen-centers,只有場地名,15
新竹市立竹光國民運動中心 韻律教室一,,xuanen-centers,只有場地名,15
新竹市立竹光國民運動中心 多功能教室,,xuanen-centers,只有場地名,15
新竹市立竹光國民運動中心 韻律教室三,,xuanen-centers,只有場地名,15
彰化縣彰北國民運動中心 204韻律教室,,xuanen-centers,只有場地名,15
南軟,,cc-shared-platform,只有場地名,14
霧峰農工,臺中市,moe-cc-courses,只有場地名,14
八德國民運動中心 201(TRX)教室,,xuanen-centers,只有場地名,14
東勢區-新盛國小,臺中市,moe-cc-courses,只有場地名,13
三民高中,新北市,moe-cc-courses,只有場地名,13
數位學習,臺北市,taipei-cc,只有場地名,13
桃園國民運動中心 韻律教室2,,xuanen-centers,只有場地名,13
彰化縣彰北國民運動中心 401多功能教室,,xuanen-centers,只有場地名,13
臺北市中正運動中心 503(舞蹈教室),,xuanen-centers,只有場地名,13
線上課程,桃園市,moe-cc-courses,只有場地名,12
勞動力發展署北基宜花金馬分署,新北市,mol-6614,只有場地名,12
汐止國民運動中心 601教室,,xuanen-centers,只有場地名,12
臺中市朝馬國民運動中心 多功能教室2,,xuanen-centers,只有場地名,12
楊梅體育園區 多功能教室2,,xuanen-centers,只有場地名,12
雲林縣虎尾全民運動館 202教室,,xuanen-centers,只有場地名,12
旗美九區,高雄市,moe-cc-courses,只有場地名,11
戶外,新竹縣,moe-cc-courses,只有場地名,11
新社區-聯合里活動中心,臺中市,moe-cc-courses,只有場地名,11
東勢區-東勢國小,臺中市,moe-cc-courses,只有場地名,11
嘉義縣水上鄉,嘉義縣,moe-cc-courses,只有場地名,11
社區灶咖,新北市,moe-cc-courses,只有場地名,11
財團法人伊甸社會福利基金會,臺北市,taipei-senior-points,只有場地名,11
板橋國民運動中心 3F武術B,,xuanen-centers,只有場地名,11
臺北市中山運動中心 4F羽球場,,xuanen-centers,只有場地名,11
臺中市北屯國民暨兒童運動中心 運動教室,,xuanen-centers,只有場地名,11
臺北市大同運動中心 202教室,,xuanen-centers,只有場地名,11
臺中市大里國民暨兒童運動中心 韻律B空瑜教室,,xuanen-centers,只有場地名,11
臺北市中正運動中心 502(舞蹈教室),,xuanen-centers,只有場地名,11
建國中學,雲林縣,yunlin-cc,只有場地名,11
八仙山自然教育中心,,forest-nature-edu,只有場地名,10
嘉義市世賢路四段208巷內 [志航國小對面],嘉義市,moe-cc-courses,只有場地名,10
嘉義縣新港鄉,嘉義縣,moe-cc-courses,只有場地名,10
財團法人福智慈善基金會(東湖據點),臺北市,taipei-senior-points,只有場地名,10
中壢國民運動中心 TRX教室,,xuanen-centers,只有場地名,10
三重國民運動中心 401教室,,xuanen-centers,只有場地名,10
三重國民運動中心 402教室,,xuanen-centers,只有場地名,10
臺中市大里國民暨兒童運動中心 韻律D有氧/瑜珈教室,,xuanen-centers,只有場地名,10
湖口,,cc-shared-platform,只有場地名,9
神岡,,cc-shared-platform,只有場地名,9
六甲國中,臺南市,moe-cc-courses,只有場地名,9
線上課程,臺北市,taipei-cc,只有場地名,9
南軟一期B1多功能教室,臺北市,taipei-cc,只有場地名,9
財團法人臺安基金會(基督復臨安息日會松山教會),臺北市,taipei-senior-points,只有場地名,9
永和國民運動中心 親子多元教室,,xuanen-centers,只有場地名,9
三重國民運動中心 501教室,,xuanen-centers,只有場地名,9
高雄市苓雅運動中心 402(西)教室,,xuanen-centers,只有場地名,9
南陽國小,雲林縣,yunlin-cc,只有場地名,9
關西,,cc-shared-platform,只有場地名,8
線上課程,高雄市,moe-cc-courses,只有場地名,8
大明國小,臺中市,moe-cc-courses,只有場地名,8
上楓國小,臺中市,moe-cc-courses,只有場地名,8
戶外課程請確認課綱,新竹市,moe-cc-courses,只有場地名,8
竹東國小,新竹縣,moe-cc-courses,只有場地名,8
戶外走讀課程,新北市,moe-cc-courses,只有場地名,8
家政教室,南投縣,nantou-cc-portal,只有場地名,8
國立公共資訊圖書館總館-3樓多元學習教室,,nlpi-activities,只有場地名,8
臺北市天母全人關懷協會,臺北市,taipei-senior-points,只有場地名,8
財團法人一粒麥子社會福利慈善事業基金會,臺北市,taipei-senior-points,只有場地名,8
財團法人新北市基督教新希望教會(中山五常),臺北市,taipei-senior-points,只有場地名,8
新北市,新北市,taiwanjobs,只有場地名,8
汐止國民運動中心 8樓跑酷教室,,xuanen-centers,只有場地名,8
臺中市朝馬國民運動中心 飛輪教室,,xuanen-centers,只有場地名,8
臺北市內湖運動中心 動力魔球,,xuanen-centers,只有場地名,8
桃園國民運動中心 TRX教室,,xuanen-centers,只有場地名,8
新竹市立竹光國民運動中心 飛輪教室,,xuanen-centers,只有場地名,8
高雄市苓雅運動中心 501教室,,xuanen-centers,只有場地名,8
彰化縣彰北國民運動中心 202多功能教室,,xuanen-centers,只有場地名,8
四湖石頭屋,雲林縣,yunlin-cc,只有場地名,8
混成,,cc-shared-platform,只有場地名,7
新社區-新社高中,臺中市,moe-cc-courses,只有場地名,7
國立公共資訊圖書館總館-1樓兒童學習中心手作室,,nlpi-activities,只有場地名,7
臺北市立啟聰學校,臺北市,taipei-cc,只有場地名,7
臺北市北投區開明社區發展協會,臺北市,taipei-senior-points,只有場地名,7
財團法人台灣基督教恩惠福音會,臺北市,taipei-senior-points,只有場地名,7
財團法人台灣基督長老教會大安教會,臺北市,taipei-senior-points,只有場地名,7
財團法人味全文化教育基金會,臺北市,taipei-senior-points,只有場地名,7
財團法人弘道老人福利基金會,臺北市,taipei-senior-points,只有場地名,7
財團法人環宇國際文化教育基金會(萬華),臺北市,taipei-senior-points,只有場地名,7
臺中市朝馬國民運動中心 運動教室,,xuanen-centers,只有場地名,7
中壢國民運動中心 羽球場,,xuanen-centers,只有場地名,7
新竹市立竹光國民運動中心 綜合教室,,xuanen-centers,只有場地名,7
宜蘭國民運動中心 多功能教室A,,xuanen-centers,只有場地名,7
wdyg-wd28 103教室,,xuanen-centers,只有場地名,7
僑美國小,雲林縣,yunlin-cc,只有場地名,7
新豐,,cc-shared-platform,只有場地名,6
數位,,cc-shared-platform,只有場地名,6
芎林鄉,,cc-shared-platform,只有場地名,6
奧萬大自然教育中心,,forest-nature-edu,只有場地名,6
竹東國中,新竹縣,moe-cc-courses,只有場地名,6
上課地點，詳參課表或開學班級確認,臺北市,moe-cc-courses,只有場地名,6
線上,新北市,moe-cc-courses,只有場地名,6
戶外走讀,新北市,moe-cc-courses,只有場地名,6
勞動力發展署中彰投分署,彰化縣,mol-6614,只有場地名,6
活動中心,南投縣,nantou-cc-portal,只有場地名,6
第三教室,南投縣,nantou-cc-portal,只有場地名,6
茄拔國小,臺南市,tainan-cc-portal,只有場地名,6
新市國小,臺南市,tainan-cc-portal,只有場地名,6
安定國中,臺南市,tainan-cc-portal,只有場地名,6
濱江實中樂齡教室,臺北市,taipei-cc,只有場地名,6
臺北市北投區清江社區發展協會,臺北市,taipei-senior-points,只有場地名,6
臺北市北投區立群社區發展協會,臺北市,taipei-senior-points,只有場地名,6
臺北市士林區葫東里辦公處,臺北市,taipei-senior-points,只有場地名,6
臺北市大同區圓環社區發展協會,臺北市,taipei-senior-points,只有場地名,6
臺北市大同區柴寮仔社區發展協會,臺北市,taipei-senior-points,只有場地名,6
臺北市松山區東勢里辦公處,臺北市,taipei-senior-points,只有場地名,6
財團法人台北市華夏婦女文教基金會,臺北市,taipei-senior-points,只有場地名,6
財團法人基督教中國佈道會,臺北市,taipei-senior-points,只有場地名,6
財團法人新北市基督教新希望教會(新喜),臺北市,taipei-senior-points,只有場地名,6
財團法人臺北醫學大學展齡中心(信義),臺北市,taipei-senior-points,只有場地名,6
臺北市,臺北市,taiwanjobs,只有場地名,6
八德國民運動中心 2F社區教室,,xuanen-centers,只有場地名,6
八德國民運動中心 5F多功能球場,,xuanen-centers,只有場地名,6
樹林國民運動中心 韻律二,,xuanen-centers,只有場地名,6
社團法人社會教育發展促進會,雲林縣,yunlin-cc,只有場地名,6
土城,,cc-shared-platform,只有場地名,5
北埔鄉,,cc-shared-platform,只有場地名,5
採GOOGLE MEET 線上,高雄市,moe-cc-courses,只有場地名,5
甘蔗里活動中心,臺中市,moe-cc-courses,只有場地名,5
東寶國小,臺中市,moe-cc-courses,只有場地名,5
數位學習,臺北市,moe-cc-courses,只有場地名,5
茄拔國小,臺南市,moe-cc-courses,只有場地名,5
新市國小,臺南市,moe-cc-courses,只有場地名,5
上舘國小,新竹縣,moe-cc-courses,只有場地名,5
榮華里社區活動教室,新竹縣,moe-cc-courses,只有場地名,5
原住民族文化教育產業推廣中心,新竹縣,moe-cc-courses,只有場地名,5
中華樂齡中心,臺中市,moe-cc-courses,只有場地名,5
石岡區-石岡國小,臺中市,moe-cc-courses,只有場地名,5
總爺藝文中心,臺南市,moe-cc-courses,只有場地名,5
佳里國小,臺南市,moe-cc-courses,只有場地名,5
汐止區城中里建成里活動中心,新北市,moe-cc-courses,只有場地名,5
1樓社大教室1,南投縣,nantou-cc-portal,只有場地名,5
1樓社大教室2,南投縣,nantou-cc-portal,只有場地名,5
漳興國小-3-1教室,南投縣,nantou-cc-portal,只有場地名,5
漳興國小-3-5教室,南投縣,nantou-cc-portal,只有場地名,5
名間國小/美勞教室1,南投縣,nantou-cc-portal,只有場地名,5
草屯國小藝文館(四樓),南投縣,nantou-cc-portal,只有場地名,5
草屯國小禮堂(承學堂),南投縣,nantou-cc-portal,只有場地名,5
會議室,南投縣,nantou-cc-portal,只有場地名,5
永昌國小活動中心,南投縣,nantou-cc-portal,只有場地名,5
電機教室,南投縣,nantou-cc-portal,只有場地名,5
社大教室②,南投縣,nantou-cc-portal,只有場地名,5
國立公共資訊圖書館總館-1樓兒童學習中心,,nlpi-activities,只有場地名,5
國立公共資訊圖書館總館-2樓國際會議廳,,nlpi-activities,只有場地名,5
臺北市立臺北特殊教育學校,臺北市,taipei-cc,只有場地名,5
臺北市立啟明學校,臺北市,taipei-cc,只有場地名,5
臺北市內湖區碧湖社區發展協會,臺北市,taipei-senior-points,只有場地名,5
臺北市內湖區紫雲社區發展協會,臺北市,taipei-senior-points,只有場地名,5
臺北市北投區振華社區發展協會,臺北市,taipei-senior-points,只有場地名,5
臺北市松山區松基里辦公處,臺北市,taipei-senior-points,只有場地名,5
臺北市體適能指導工作人員職業工會,臺北市,taipei-senior-points,只有場地名,5
財團法人伽耶山基金會,臺北市,taipei-senior-points,只有場地名,5
財團法人台北市中華基督教浸信會慈光堂,臺北市,taipei-senior-points,只有場地名,5
財團法人台灣老人急重症基金會(聚盛據點),臺北市,taipei-senior-points,只有場地名,5
財團法人基督教台灣信義會(內湖思恩堂),臺北市,taipei-senior-points,只有場地名,5
財團法人基督教拿撒勒人會(關渡據點),臺北市,taipei-senior-points,只有場地名,5
財團法人天主教聖母聖心會,臺北市,taipei-senior-points,只有場地名,5
財團法人天主教遣使會-聖文生之友社區關懷據點,臺北市,taipei-senior-points,只有場地名,5
財團法人成長文教基金會,臺北市,taipei-senior-points,只有場地名,5
財團法人新北市基督教新希望教會(百齡長青),臺北市,taipei-senior-points,只有場地名,5
財團法人福智慈善基金會(內湖據點),臺北市,taipei-senior-points,只有場地名,5
財團法人臺北市松年長春社會福利基金會(景華),臺北市,taipei-senior-points,只有場地名,5
臺北市內湖運動中心 TRX教室,,xuanen-centers,只有場地名,5
中壢國民運動中心 桌球場,,xuanen-centers,只有場地名,5
宜蘭國民運動中心 綜合球場,,xuanen-centers,只有場地名,5
臺北市士林運動中心 桌球場,,xuanen-centers,只有場地名,5
臺中市太平國民暨兒童運動中心 401,,xuanen-centers,只有場地名,5
臺南市新營區復興路251-2號1樓(由251-1號大門進出),臺南市,taiwanjobs,無,4
線上教學,,cc-shared-platform,只有場地名,4
十秀,,cc-shared-platform,只有場地名,4
教會,,cc-shared-platform,只有場地名,4
其他(戶外課程),,cc-shared-platform,只有場地名,4
高雄市楠梓區(朝新路上),高雄市,moe-cc-courses,只有場地名,4
萬丹鄉水泉興路與丹榮交叉路口,屏東縣,moe-cc-courses,只有場地名,4
線上,彰化縣,moe-cc-courses,只有場地名,4
潭子國小,臺中市,moe-cc-courses,只有場地名,4
豐洲國小,臺中市,moe-cc-courses,只有場地名,4
墩北里活動中心,臺中市,moe-cc-courses,只有場地名,4
善化國小,臺南市,moe-cc-courses,只有場地名,4
安定國中,臺南市,moe-cc-courses,只有場地名,4
文欣教室,臺南市,moe-cc-courses,只有場地名,4
依課程屬性安排校外教學地點,新北市,moe-cc-courses,只有場地名,4
老師個人工作室,新竹縣,moe-cc-courses,只有場地名,4
新福里活動中心,臺中市,moe-cc-courses,只有場地名,4
中山國小,高雄市,moe-cc-courses,只有場地名,4
國風國中烹飪教室--國風國中烹飪教室,花蓮縣,moe-cc-courses,只有場地名,4
玉井國小,臺南市,moe-cc-courses,只有場地名,4
玉井清芳社區活動中心,臺南市,moe-cc-courses,只有場地名,4
昭清宮,臺南市,moe-cc-courses,只有場地名,4
汐止區福德里活動中心,新北市,moe-cc-courses,只有場地名,4
第一堂課室內(汐中)，之後戶外課，請特別留意時間地點。,新北市,moe-cc-courses,只有場地名,4
汐止區福安里市民活動中心,新北市,moe-cc-courses,只有場地名,4
嘉義縣大林鎮大糖里中學路一號,嘉義縣,moe-cc-courses,只有場地名,4
BOOK◎思藝生活美學教室,高雄市,moe-cc-courses,只有場地名,4
2樓餐廳,南投縣,nantou-cc-portal,只有場地名,4
B棟3樓表演藝術教室,南投縣,nantou-cc-portal,只有場地名,4
漳興國小-3-3教室,南投縣,nantou-cc-portal,只有場地名,4
草屯國小音樂教室3(二樓),南投縣,nantou-cc-portal,只有場地名,4
草屯國小綜合教室3(三樓),南投縣,nantou-cc-portal,只有場地名,4
永昌國小第二教室,南投縣,nantou-cc-portal,只有場地名,4
前山國小3F瑜珈教室,南投縣,nantou-cc-portal,只有場地名,4
前山國小1F餐廳,南投縣,nantou-cc-portal,只有場地名,4
前山國小活動中心2F,南投縣,nantou-cc-portal,只有場地名,4
美術教室,南投縣,nantou-cc-portal,只有場地名,4
體育館,南投縣,nantou-cc-portal,只有場地名,4
國立公共資訊圖書館總館-線上online,,nlpi-activities,只有場地名,4
善化國小,臺南市,tainan-cc-portal,只有場地名,4
文欣教室,臺南市,tainan-cc-portal,只有場地名,4
小新國小,臺南市,tainan-cc-portal,只有場地名,4
臺北市北投區逸仙國民小學,臺北市,taipei-cc,只有場地名,4
喬治高職,臺北市,taipei-cc,只有場地名,4
校史室,臺北市,taipei-cc,只有場地名,4
臺北市中山區行孝里辦公處,臺北市,taipei-senior-points,只有場地名,4
臺北市中山區行政里辦公處,臺北市,taipei-senior-points,只有場地名,4
臺北市內湖區石潭社區發展協會,臺北市,taipei-senior-points,只有場地名,4
臺北市內湖區週美里辦公處,臺北市,taipei-senior-points,只有場地名,4
臺北市北投區建民里辦公處,臺北市,taipei-senior-points,只有場地名,4
臺北市北投區文林里辦公處,臺北市,taipei-senior-points,只有場地名,4
臺北市北投區永和社區發展協會,臺北市,taipei-senior-points,只有場地名,4
臺北市士林區芝山岩社區發展協會,臺北市,taipei-senior-points,只有場地名,4
臺北市士林海光社區發展協會,臺北市,taipei-senior-points,只有場地名,4
臺北市大同區大有里辦公處,臺北市,taipei-senior-points,只有場地名,4
臺北市大同區慶安社區發展協會,臺北市,taipei-senior-points,只有場地名,4
臺北市大同區隆和里辦公處,臺北市,taipei-senior-points,只有場地名,4
財團法人台灣基督傳道會復生教會,臺北市,taipei-senior-points,只有場地名,4
財團法人台灣老人急重症基金會(中山據點),臺北市,taipei-senior-points,只有場地名,4
財團法人弘道老人福利基金會(松山),臺北市,taipei-senior-points,只有場地名,4
財團法人福智慈善基金會（安和據點）,臺北市,taipei-senior-points,只有場地名,4
財團法人耕莘文教基金會,臺北市,taipei-senior-points,只有場地名,4
臺北市南港運動中心 其他,,xuanen-centers,只有場地名,4
臺中市北屯國民暨兒童運動中心 兒童空間,,xuanen-centers,只有場地名,4
楊梅體育園區 多功能教室1,,xuanen-centers,只有場地名,4
雲林縣虎尾全民運動館 301教室,,xuanen-centers,只有場地名,4
新北市永和區環河東路三段,新北市,moe-cc-sites,無,3
工作,,cc-shared-platform,只有場地名,3
復興,,cc-shared-platform,只有場地名,3
線上,,cc-shared-platform,只有場地名,3
新竹市武陵西三路,新竹市,cc-shared-platform,只有場地名,3
新埔,,cc-shared-platform,只有場地名,3
霧峰國中,臺中市,moe-cc-courses,只有場地名,3
高雄市燕巢區-橫山台糖站附近,高雄市,moe-cc-courses,只有場地名,3
"衛福部
養護中心",彰化縣,moe-cc-courses,只有場地名,3
戶外步道,臺中市,moe-cc-courses,只有場地名,3
北湳里活動中心(1館),臺中市,moe-cc-courses,只有場地名,3
大湳里活動中心,臺中市,moe-cc-courses,只有場地名,3
善化小新國小,臺南市,moe-cc-courses,只有場地名,3
遠距教學授課，建議使用電腦上課,新北市,moe-cc-courses,只有場地名,3
新竹縣體育館西門走廊,新竹縣,moe-cc-courses,只有場地名,3
鼎峰高爾夫練習場,臺中市,moe-cc-courses,只有場地名,3
國風國中穿堂--國風國中穿堂,花蓮縣,moe-cc-courses,只有場地名,3
嘉義縣太保市,嘉義縣,moe-cc-courses,只有場地名,3
玉井噍吧哖事件紀念園區,臺南市,moe-cc-courses,只有場地名,3
麻豆烘焙教室,臺南市,moe-cc-courses,只有場地名,3
侯老師工作室,臺南市,moe-cc-courses,只有場地名,3
安西關懷據點,臺南市,moe-cc-courses,只有場地名,3
佛天宮,臺南市,moe-cc-courses,只有場地名,3
西港國中,臺南市,moe-cc-courses,只有場地名,3
宜蘭縣冬山鄉廣安村水井三路,宜蘭縣,moe-cc-courses,只有場地名,3
汐止區秀山里市民活動中心,新北市,moe-cc-courses,只有場地名,3
混成,新北市,moe-cc-courses,只有場地名,3
勞動力發展署中彰投分署,臺中市,mol-6060,只有場地名,3
勞動力發展署北基宜花金馬分署,宜蘭縣,mol-6614,只有場地名,3
漳興國小-3-2教室,南投縣,nantou-cc-portal,只有場地名,3
漳興國小-活動中心,南投縣,nantou-cc-portal,只有場地名,3
漳興國小-有氧教室,南投縣,nantou-cc-portal,只有場地名,3
漳興國小-4F音樂教室,南投縣,nantou-cc-portal,只有場地名,3
名間國小/活動中心,南投縣,nantou-cc-portal,只有場地名,3
名間國小/美勞教室2,南投縣,nantou-cc-portal,只有場地名,3
草屯國小綜合教室(一樓),南投縣,nantou-cc-portal,只有場地名,3
草屯國小綜合教室2(三樓),南投縣,nantou-cc-portal,只有場地名,3
永昌國小第三教室,南投縣,nantou-cc-portal,只有場地名,3
前山國小3F自然教室(中),南投縣,nantou-cc-portal,只有場地名,3
階梯教室,南投縣,nantou-cc-portal,只有場地名,3
國立公共資訊圖書館總館-5樓青少年好Young館,,nlpi-activities,只有場地名,3
望安鄉多功能活動中心,澎湖縣,penghu-cc-portal,只有場地名,3
西嶼鄉小池角關懷據點 小池角關帝廟,澎湖縣,penghu-cc-portal,只有場地名,3
大台南西餐工會教室,臺南市,tainan-cc-portal,只有場地名,3
社子國小,臺北市,taipei-cc,只有場地名,3
北北基人文景點,臺北市,taipei-cc,只有場地名,3
南軟二期F棟3樓視聽會議中心,臺北市,taipei-cc,只有場地名,3
南軟二期水景公園 F棟1樓玻璃屋,臺北市,taipei-cc,只有場地名,3
臺北市中山區朱園里辦公處,臺北市,taipei-senior-points,只有場地名,3
臺北市中山區民安里辦公處,臺北市,taipei-senior-points,只有場地名,3
臺北市北投區榮光社區發展協會,臺北市,taipei-senior-points,只有場地名,3
臺北市北投區秀山社區發展協會,臺北市,taipei-senior-points,只有場地名,3
臺北市松山區新聚里辦公處,臺北市,taipei-senior-points,只有場地名,3
臺北市松山區松榮社區發展協會,臺北市,taipei-senior-points,只有場地名,3
財團法人中華基督教衛理公會恩友堂,臺北市,taipei-senior-points,只有場地名,3
財團法人台北市中華基督教信義會(復興堂),臺北市,taipei-senior-points,只有場地名,3
財團法人台北市北投文化基金會,臺北市,taipei-senior-points,只有場地名,3
財團法人台北市台北中華基督教會,臺北市,taipei-senior-points,只有場地名,3
財團法人台北市基督教全人福利事業基金會(吳興教會),臺北市,taipei-senior-points,只有場地名,3
財團法人台北市天母基督教會,臺北市,taipei-senior-points,只有場地名,3
財團法人台北市民生社區基督教會,臺北市,taipei-senior-points,只有場地名,3
財團法人台灣省私立健順養護中心(松山老人服務暨日間照顧中心),臺北市,taipei-senior-points,只有場地名,3
財團法人台灣老人急重症基金會(龍洲據點),臺北市,taipei-senior-points,只有場地名,3
財團法人基督教台灣信義會(士林歌珊堂),臺北市,taipei-senior-points,只有場地名,3
財團法人基督教救世軍(內湖隊),臺北市,taipei-senior-points,只有場地名,3
財團法人新北市私立天道總會社會福利慈善事業基金會,臺北市,taipei-senior-points,只有場地名,3
財團法人福智慈善基金會(天母),臺北市,taipei-senior-points,只有場地名,3
財團法人臺北市松年長春社會福利基金會(中正),臺北市,taipei-senior-points,只有場地名,3
財團法人臺北市松年長春社會福利基金會(開元),臺北市,taipei-senior-points,只有場地名,3
臺中市西區台中市向上路一段六號,臺中市,taiwanjobs,只有場地名,3
臺北市中山運動中心 3F多功能球場,,xuanen-centers,只有場地名,3
臺中市朝馬國民運動中心 綜合球場,,xuanen-centers,只有場地名,3
八德國民運動中心 401,,xuanen-centers,只有場地名,3
八德國民運動中心 301教室,,xuanen-centers,只有場地名,3
高雄市鳳山運動園區 健身房,,xuanen-centers,只有場地名,3
wdyg-wd34 301(韻律教室),,xuanen-centers,只有場地名,3
雲林縣虎尾全民運動館 201教室,,xuanen-centers,只有場地名,3
wdyg-wd37 綜合球場,,xuanen-centers,只有場地名,3
柯蔡宗親會,雲林縣,yunlin-cc,只有場地名,3
北港農工,雲林縣,yunlin-cc,只有場地名,3
屏東縣佳冬鄉佳冬國小,屏東縣,moe-cc-sites,無,2
台南市善化區中華路173-161 對面貨櫃屋,臺南市,moe-cc-sites,無,2
雲林縣虎尾鎮,雲林縣,moe-cc-sites,無,2
雲林縣虎尾鎮建成路,雲林縣,moe-cc-sites,無,2
凹子底捷運站4號出口,高雄市,moe-cc-sites,無,2
自立一路和北平二路口之三民敦新公園內,高雄市,moe-cc-sites,無,2
"GOOGLE座標位置:22.752706, 120.363934",高雄市,moe-cc-sites,無,2
專案,,cc-shared-platform,只有場地名,2
哈客,,cc-shared-platform,只有場地名,2
香山,,cc-shared-platform,只有場地名,2
員福,,cc-shared-platform,只有場地名,2
土工,,cc-shared-platform,只有場地名,2
廣福,,cc-shared-platform,只有場地名,2
沛陂,,cc-shared-platform,只有場地名,2
新竹市香山區香村路330巷,新竹市,cc-shared-platform,只有場地名,2
橫山鄉,,cc-shared-platform,只有場地名,2
坪林、大興、勤益里活動中心,臺中市,moe-cc-courses,只有場地名,2
霧峰立法院民主草坪,臺中市,moe-cc-courses,只有場地名,2
市立大里高中(戶外田調),臺中市,moe-cc-courses,只有場地名,2
大里運動公園,臺中市,moe-cc-courses,只有場地名,2
高雄市林園區五福路174巷,高雄市,moe-cc-courses,只有場地名,2
高雄市鳥松區坔埔路34巷底,高雄市,moe-cc-courses,只有場地名,2
鳳山日照多功能社福中心2樓,高雄市,moe-cc-courses,只有場地名,2
高雄市杉林區楠梓仙段1363-0000,高雄市,moe-cc-courses,只有場地名,2
茂林地區,高雄市,moe-cc-courses,只有場地名,2
小港農場  (高雄市小港區孔鳳路455巷內）,高雄市,moe-cc-courses,只有場地名,2
上楓圖書館,臺中市,moe-cc-courses,只有場地名,2
大新路教室,臺中市,moe-cc-courses,只有場地名,2
雲林縣斗六市公正街、府前街,雲林縣,moe-cc-courses,只有場地名,2
南陽里活動中心,臺中市,moe-cc-courses,只有場地名,2
線上課程,臺南市,moe-cc-courses,只有場地名,2
安定中榮社區活動中心,臺南市,moe-cc-courses,只有場地名,2
楊慧華陶藝工作室,臺南市,moe-cc-courses,只有場地名,2
請下載APP-ZOOM,新竹市,moe-cc-courses,只有場地名,2
Google Meet,新竹市,moe-cc-courses,只有場地名,2
使用線上教學（請見課程內容說明）,臺南市,moe-cc-courses,只有場地名,2
真善美會館,澎湖縣,moe-cc-courses,只有場地名,2
映月橋和綠映水漾公園的中間,嘉義市,moe-cc-courses,只有場地名,2
雅筑音樂中心,新竹縣,moe-cc-courses,只有場地名,2
順翌休閒馬場,新竹縣,moe-cc-courses,只有場地名,2
東孝社區活動中心,新竹縣,moe-cc-courses,只有場地名,2
木黃山田低碳工作室,新竹縣,moe-cc-courses,只有場地名,2
新竹縣體育館東門走廊,新竹縣,moe-cc-courses,只有場地名,2
新竹縣體育館北門走廊,新竹縣,moe-cc-courses,只有場地名,2
坪林區公所,新北市,moe-cc-courses,只有場地名,2
深坑區公所,新北市,moe-cc-courses,只有場地名,2
線上課程,臺北市,moe-cc-courses,只有場地名,2
長榮里活動中心,臺中市,moe-cc-courses,只有場地名,2
青年高中,臺中市,moe-cc-courses,只有場地名,2
東勢區-明惠工作室,臺中市,moe-cc-courses,只有場地名,2
東勢區-徐菊英工作室,臺中市,moe-cc-courses,只有場地名,2
東勢區-邱嘉樑工作室,臺中市,moe-cc-courses,只有場地名,2
東勢區-霞米的店,臺中市,moe-cc-courses,只有場地名,2
大自然教室,臺中市,moe-cc-courses,只有場地名,2
湖西鄉西溪國小,澎湖縣,moe-cc-courses,只有場地名,2
017 café--017 café工作室,花蓮縣,moe-cc-courses,只有場地名,2
羅月桂音樂工作室--羅月桂音樂工作室,花蓮縣,moe-cc-courses,只有場地名,2
花蓮縣國際運動舞蹈協會--花蓮縣國際運動舞蹈協會,花蓮縣,moe-cc-courses,只有場地名,2
聲子藝棧--聲子藝棧,花蓮縣,moe-cc-courses,只有場地名,2
國強里社區活動中心--國強里社區活動中心,花蓮縣,moe-cc-courses,只有場地名,2
理新觀光工廠--理新觀光工廠,花蓮縣,moe-cc-courses,只有場地名,2
東里國小多元學習中心--東里國小多元學習中心,花蓮縣,moe-cc-courses,只有場地名,2
池上鄉大埔老人活動中心,臺東縣,moe-cc-courses,只有場地名,2
身呼吸運動休閒館,澎湖縣,moe-cc-courses,只有場地名,2
麻豆國小,臺南市,moe-cc-courses,只有場地名,2
麻豆慧光佛堂,臺南市,moe-cc-courses,只有場地名,2
麻豆聖王宮,臺南市,moe-cc-courses,只有場地名,2
麻豆金嗓歌唱教室,臺南市,moe-cc-courses,只有場地名,2
秝地茶行工作室,臺南市,moe-cc-courses,只有場地名,2
麻豆心玥瑜珈教室,臺南市,moe-cc-courses,只有場地名,2
倪老師汽車檢護場地,臺南市,moe-cc-courses,只有場地名,2
佳里國中 戶外教學,臺南市,moe-cc-courses,只有場地名,2
google meet,苗栗縣,moe-cc-courses,只有場地名,2
新北市土城區學府路一段99巷底,新北市,moe-cc-courses,只有場地名,2
無地址,新北市,moe-cc-courses,只有場地名,2
新竹市香山區香村路330巷,新竹市,moe-cc-courses,只有場地名,2
新竹市武陵西三路,新竹市,moe-cc-courses,只有場地名,2
新竹市戶外課程,新竹市,moe-cc-courses,只有場地名,2
厚德三光里市民活動中心,新北市,moe-cc-courses,只有場地名,2
汐止區新昌里活動中心,新北市,moe-cc-courses,只有場地名,2
線上加戶外課,新北市,moe-cc-courses,只有場地名,2
貓手Book&Shop日文二手藝文書店,高雄市,moe-cc-courses,只有場地名,2
洛斯特咖啡館,高雄市,moe-cc-courses,只有場地名,2
勞動力發展署北基宜花金馬分署,花蓮縣,mol-6614,只有場地名,2
勞動力發展署北基宜花金馬分署,基隆市,mol-6614,只有場地名,2
漳興國小-3-4教室,南投縣,nantou-cc-portal,只有場地名,2
漳興國小-4F木工教室,南投縣,nantou-cc-portal,只有場地名,2
名間國小/多功能教室,南投縣,nantou-cc-portal,只有場地名,2
名間國小/視聽教室,南投縣,nantou-cc-portal,只有場地名,2
魚池國小 圖書館,南投縣,nantou-cc-portal,只有場地名,2
中寮國小活動中心,南投縣,nantou-cc-portal,只有場地名,2
中寮國小2樓烘焙教室,南投縣,nantou-cc-portal,只有場地名,2
前山國小3F美勞教室,南投縣,nantou-cc-portal,只有場地名,2
前山國小2F會議室,南投縣,nantou-cc-portal,只有場地名,2
社大教室①,南投縣,nantou-cc-portal,只有場地名,2
辦公室走廊,南投縣,nantou-cc-portal,只有場地名,2
餐廳/家政教室,南投縣,nantou-cc-portal,只有場地名,2
第二教室,南投縣,nantou-cc-portal,只有場地名,2
閱讀書軒,南投縣,nantou-cc-portal,只有場地名,2
第一教室,南投縣,nantou-cc-portal,只有場地名,2
學生活動中心,南投縣,nantou-cc-portal,只有場地名,2
國立公共資訊圖書館總館-1樓藝文展廳,,nlpi-activities,只有場地名,2
國立公共資訊圖書館總館-2樓第一會議室,,nlpi-activities,只有場地名,2
國立公共資訊圖書館總館-1樓館前廣場,,nlpi-activities,只有場地名,2
國立公共資訊圖書館總館-3樓視聽室,,nlpi-activities,只有場地名,2
新北市立圖書館五股守讓堂,新北市,ntpc-library-activities,只有場地名,2
西文槌球場,澎湖縣,penghu-cc-portal,只有場地名,2
湖西鄉西溪國小,澎湖縣,penghu-cc-portal,只有場地名,2
東衛天后宮廣場,澎湖縣,penghu-cc-portal,只有場地名,2
身呼吸運動休閒館,澎湖縣,penghu-cc-portal,只有場地名,2
真善美會館,澎湖縣,penghu-cc-portal,只有場地名,2
中榮社區活動中心,臺南市,tainan-cc-portal,只有場地名,2
楊慧華陶藝工作室,臺南市,tainan-cc-portal,只有場地名,2
臺北市文山區萬福國小,臺北市,taipei-cc,只有場地名,2
忠孝國小地板教室,臺北市,taipei-cc,只有場地名,2
忠孝心巴克,臺北市,taipei-cc,只有場地名,2
龍山國中家政教室,臺北市,taipei-cc,只有場地名,2
線上,臺北市,taipei-cc,只有場地名,2
白石湖社區,臺北市,taipei-cc,只有場地名,2
校外-樟新區民活動中心,臺北市,taipei-cc,只有場地名,2
臺北市立文山特殊教育學校,臺北市,taipei-cc,只有場地名,2
臺北市中山區永安里辦公處,臺北市,taipei-senior-points,只有場地名,2
臺北市內湖區碧湖社區發展協會(金瑞據點),臺北市,taipei-senior-points,只有場地名,2
臺北市北投區文化里辦公處,臺北市,taipei-senior-points,只有場地名,2
臺北市北投區新稻香社區發展協會,臺北市,taipei-senior-points,只有場地名,2
臺北市北投區豐年里辦公處,臺北市,taipei-senior-points,只有場地名,2
臺北市士林區福順里辦公處,臺北市,taipei-senior-points,只有場地名,2
臺北市士林區葫蘆里辦公處,臺北市,taipei-senior-points,只有場地名,2
臺北市士林區蘭興里辦公處,臺北市,taipei-senior-points,只有場地名,2
臺北市大同區延平里辦公處,臺北市,taipei-senior-points,只有場地名,2
臺北市大同區星明社區發展協會,臺北市,taipei-senior-points,只有場地名,2
臺北市大同區玉泉里辦公處,臺北市,taipei-senior-points,只有場地名,2
臺北市松山區慈祐里辦公處,臺北市,taipei-senior-points,只有場地名,2
財團法人台北市建成基督長老教會,臺北市,taipei-senior-points,只有場地名,2
財團法人台灣基督長老教會三角埔教會,臺北市,taipei-senior-points,只有場地名,2
財團法人台福基督教會,臺北市,taipei-senior-points,只有場地名,2
財團法人臺北市松年長春社會福利基金會(中山),臺北市,taipei-senior-points,只有場地名,2
財團法人臺北市松年長春社會福利基金會(大橋),臺北市,taipei-senior-points,只有場地名,2
財團法人采苑藝術文教基金會,臺北市,taipei-senior-points,只有場地名,2
財團法人陽明山基督教天母禮拜堂,臺北市,taipei-senior-points,只有場地名,2
基隆市仁愛區愛三路九號五樓之四,基隆市,taiwanjobs,只有場地名,2
彰化縣彰化市卦山路五號,彰化縣,taiwanjobs,只有場地名,2
桃園市楊梅區青年路三號,桃園市,taiwanjobs,只有場地名,2
臺中市朝馬國民運動中心 TRX教室,,xuanen-centers,只有場地名,2
臺北市文山運動中心 攀岩場,,xuanen-centers,只有場地名,2
長春國民暨兒童運動中心 B棟教室,,xuanen-centers,只有場地名,2
臺中市大里國民暨兒童運動中心 TRX教室,,xuanen-centers,只有場地名,2
楊梅體育園區 籃球場,,xuanen-centers,只有場地名,2
四湖文生修院,雲林縣,yunlin-cc,只有場地名,2
嘉義縣民雄鄉民族路32-40,嘉義縣,moe-cc-sites,無,1
基隆市,基隆市,moe-cc-sites,無,1
基隆市安樂路二段樓號之五樓,基隆市,moe-cc-sites,無,1
基隆市自來街13巷5之2樓,基隆市,moe-cc-sites,無,1
小琉球圖書館,屏東縣,moe-cc-sites,無,1
小琉球圖館,屏東縣,moe-cc-sites,無,1
屏東縣恆春鎮大光社區活動中心,屏東縣,moe-cc-sites,無,1
屏東縣恆春鎮山海社區活動中心,屏東縣,moe-cc-sites,無,1
屏東縣恆春鎮德和社區活動中心,屏東縣,moe-cc-sites,無,1
屏東縣烏龍四村活動中心,屏東縣,moe-cc-sites,無,1
屏東縣東港鎮下?社區活動中心,屏東縣,moe-cc-sites,無,1
屏東縣東港鎮船頭社區活動中心,屏東縣,moe-cc-sites,無,1
屏東縣東港鎮鎮海社區活動中心,屏東縣,moe-cc-sites,無,1
屏東縣枋寮鄉東海社區活動中心,屏東縣,moe-cc-sites,無,1
東海社區活動中心,屏東縣,moe-cc-sites,無,1
屏東縣滿州鄉九棚社區活動中心,屏東縣,moe-cc-sites,無,1
屏東縣滿州鄉永靖社區活動中心,屏東縣,moe-cc-sites,無,1
屏東縣滿州鄉港口社區活動中心,屏東縣,moe-cc-sites,無,1
屏東縣滿州鄉滿州社區活動中心,屏東縣,moe-cc-sites,無,1
屏東縣滿州鄉里德社區活動中心,屏東縣,moe-cc-sites,無,1
屏東縣萬丹鄉水泉興路與丹榮路口,屏東縣,moe-cc-sites,無,1
萬丹鄉水泉興路與丹榮路口,屏東縣,moe-cc-sites,無,1
屏東縣潮州鎮中山路51號(第26號),屏東縣,moe-cc-sites,無,1
屏東縣里港鄉瀰力村(榮發藝術工坊窯廠),屏東縣,moe-cc-sites,無,1
屏東縣里港鄉瀰力村榮發藝術工坊窯場,屏東縣,moe-cc-sites,無,1
榮發藝術工坊窯場,屏東縣,moe-cc-sites,無,1
屏東縣車城鄉保力社區活動中心,屏東縣,moe-cc-sites,無,1
屏東縣車城鄉四重溪社區活動中心,屏東縣,moe-cc-sites,無,1
後灣社區活動中心,屏東縣,moe-cc-sites,無,1
彰化縣二林鎮南光里照西南路108巷,彰化縣,moe-cc-sites,無,1
彰化縣溪湖鎮環河路一段,彰化縣,moe-cc-sites,無,1
彰化縣花壇鄉平和街,彰化縣,moe-cc-sites,無,1
新北市淡水區三空泉16-10,新北市,moe-cc-sites,無,1
學府路1段99巷底1樓,新北市,moe-cc-sites,無,1
石碇區,新北市,moe-cc-sites,無,1
新北市八里區龍米路二段,新北市,moe-cc-sites,無,1
新北市三重區正義南路86巷,新北市,moe-cc-sites,無,1
各班老師所使用雲端系統,新北市,moe-cc-sites,無,1
汐止區鄉長路二段167巷旁農地,新北市,moe-cc-sites,無,1
新竹市武陵路鐵道路陸橋下,新竹市,moe-cc-sites,無,1
新竹市光復路一段525巷,新竹市,moe-cc-sites,無,1
新竹市中華路四段181巷景觀大道橋下,新竹市,moe-cc-sites,無,1
新竹香山中華路四段,新竹市,moe-cc-sites,無,1
龜山區明興街244巷底,桃園市,moe-cc-sites,無,1
桃園市龍潭區東龍路170,桃園市,moe-cc-sites,無,1
台南市下營區中山路一段476巷,臺南市,moe-cc-sites,無,1
臺南市仁德區文賢路一段847巷,臺南市,moe-cc-sites,無,1
佳里區東勢角段325地號,臺南市,moe-cc-sites,無,1
台南市新化區山?里78,臺南市,moe-cc-sites,無,1
台南市歸仁區媽祖廟段398-2,臺南市,moe-cc-sites,無,1
台南市關廟區新埔里,臺南市,moe-cc-sites,無,1
台南市歸仁區西埔里,臺南市,moe-cc-sites,無,1
西埔里,臺南市,moe-cc-sites,無,1
臺南市玉井區豐里59之10,臺南市,moe-cc-sites,無,1
臺南市歸仁區歸仁北段,臺南市,moe-cc-sites,無,1
台南市安南區本原街一段382巷,臺南市,moe-cc-sites,無,1
花蓮縣玉里鎮,花蓮縣,moe-cc-sites,無,1
雲林縣二崙鄉裕民路,雲林縣,moe-cc-sites,無,1
雲林縣元長鄉內寮,雲林縣,moe-cc-sites,無,1
客仔厝分線,雲林縣,moe-cc-sites,無,1
台西海口社區活動中心,雲林縣,moe-cc-sites,無,1
台西溪頂社區活動中心,雲林縣,moe-cc-sites,無,1
雲林縣土庫鎮,雲林縣,moe-cc-sites,無,1
雲林縣虎尾鎮雲95鄉道,雲林縣,moe-cc-sites,無,1
雲林縣大埤鄉大德村民生路665、667,雲林縣,moe-cc-sites,無,1
雲林縣東勢鄉,雲林縣,moe-cc-sites,無,1
雲林縣東勢鄉東榮路29巷,雲林縣,moe-cc-sites,無,1
雲林縣虎尾鎮興南,雲林縣,moe-cc-sites,無,1
雲林縣虎尾鎮廉使里,雲林縣,moe-cc-sites,無,1
雲林縣虎尾鎮三合里,雲林縣,moe-cc-sites,無,1
雲林縣褒忠鄉,雲林縣,moe-cc-sites,無,1
西螺甘厝社區,雲林縣,moe-cc-sites,無,1
捷運站中央公園1號出口廣場,高雄市,moe-cc-sites,無,1
高雄市林園區五福路174巷,高雄市,moe-cc-sites,無,1
高雄市林園區五福路174巷內,高雄市,moe-cc-sites,無,1
高雄市六龜區新威段一小段 1425、1426、1429地號,高雄市,moe-cc-sites,無,1
捷運凹子底4號出口,高雄市,moe-cc-sites,無,1
高雄市捷運凹子底4號出口,高雄市,moe-cc-sites,無,1
高雄市小港區孔鳳路293巷內,高雄市,moe-cc-sites,無,1
高雄市小港區孔鳳路455巷,高雄市,moe-cc-sites,無,1
高雄市鳳山區新富路630路,高雄市,moe-cc-sites,無,1
捷運獅甲站1號出口處(站內),高雄市,moe-cc-sites,無,1
旗山區華中街，旗山國小旁,高雄市,moe-cc-sites,無,1
捷運條頭車站1號出口,高雄市,moe-cc-sites,無,1
捷運橋頭火車站1號出口旁,高雄市,moe-cc-sites,無,1
橋頭火車站1號出口,高雄市,moe-cc-sites,無,1
"GOOGLE座標位置:22.723335, 120.326636",高雄市,moe-cc-sites,無,1
高雄市岡山區樂群路,高雄市,moe-cc-sites,無,1
橋頭中崎有機農業專區A1,高雄市,moe-cc-sites,無,1
高雄市三民區灣福兒童公園(自重街與宗元街交叉口),高雄市,moe-cc-sites,無,1
8.87E+11,高雄市,moe-cc-sites,無,1
高雄市茂林區Unnamed Road,高雄市,moe-cc-sites,無,1
美濃段二小段6072-0000,高雄市,moe-cc-sites,無,1
高雄市燕巢區西燕村工程路,高雄市,moe-cc-sites,無,1
高雄市前鎮區衙信二街,高雄市,moe-cc-sites,無,1
高雄市前鎮區衙信二街與衙信三街交接路口,高雄市,moe-cc-sites,無,1
臺北市信義區忠孝東路五段忠孝東路五段790巷27號 宏毅樓2樓飲調教室,臺北市,taiwanjobs,索引鍵不穩定,1
臺北市大安區忠孝東路四段147巷1號9樓(捷運板南線忠孝敦化7號出口),臺北市,taiwanjobs,無,1
115-秋季班,,cc-shared-platform,只有場地名,1
農場,,cc-shared-platform,只有場地名,1
安和,,cc-shared-platform,只有場地名,1
網路,,cc-shared-platform,只有場地名,1
鶯歌,,cc-shared-platform,只有場地名,1
桃園市楊梅區中山路125巷,桃園市,cc-shared-platform,只有場地名,1
清水,,cc-shared-platform,只有場地名,1
頂埔,,cc-shared-platform,只有場地名,1
員信,,cc-shared-platform,只有場地名,1
其他,,cc-shared-platform,只有場地名,1
聯興,,cc-shared-platform,只有場地名,1
寶山,,cc-shared-platform,只有場地名,1
其他(線上課程),,cc-shared-platform,只有場地名,1
竹北市,,cc-shared-platform,只有場地名,1
峨眉鄉,,cc-shared-platform,只有場地名,1
Google meet,高雄市,moe-cc-courses,只有場地名,1
Google Meet,桃園市,moe-cc-courses,只有場地名,1
Line,桃園市,moe-cc-courses,只有場地名,1
里港鄉瀰力村,屏東縣,moe-cc-courses,只有場地名,1
六龜地區,高雄市,moe-cc-courses,只有場地名,1
衛福部養護中心,彰化縣,moe-cc-courses,只有場地名,1
大雅里活動中心,臺中市,moe-cc-courses,只有場地名,1
嘉仁里活動中心,臺中市,moe-cc-courses,只有場地名,1
神岡圖書館,臺中市,moe-cc-courses,只有場地名,1
圳堵國小,臺中市,moe-cc-courses,只有場地名,1
遠距視訊授課,桃園市,moe-cc-courses,只有場地名,1
戶外課程+山佳活動中心,新北市,moe-cc-courses,只有場地名,1
線上,臺南市,moe-cc-courses,只有場地名,1
臺南市歸仁區中山路一段2巷,臺南市,moe-cc-courses,只有場地名,1
南關線戶外,臺南市,moe-cc-courses,只有場地名,1
台南市仁德區文賢路一段847巷,臺南市,moe-cc-courses,只有場地名,1
善化東勢寮田間學堂,臺南市,moe-cc-courses,只有場地名,1
左鎮岡林里活動中心,臺南市,moe-cc-courses,只有場地名,1
南化老人文康中心,臺南市,moe-cc-courses,只有場地名,1
南化中坑里活動中心,臺南市,moe-cc-courses,只有場地名,1
黑嚕嚕陶藝工作室,臺南市,moe-cc-courses,只有場地名,1
大台南西餐工會教室,臺南市,moe-cc-courses,只有場地名,1
小新營三代祖師廟,臺南市,moe-cc-courses,只有場地名,1
山上圖書館,臺南市,moe-cc-courses,只有場地名,1
新市花躲田間,臺南市,moe-cc-courses,只有場地名,1
左鎮澄山社區活動中心,臺南市,moe-cc-courses,只有場地名,1
新化國小,臺南市,moe-cc-courses,只有場地名,1
清華大學南大校區,新竹市,moe-cc-courses,只有場地名,1
線上,臺北市,moe-cc-courses,只有場地名,1
鼓山區龍子里民眾活動中心,高雄市,moe-cc-courses,只有場地名,1
437臺中市大甲區雁門路293巷,臺中市,moe-cc-courses,只有場地名,1
澎湖縣特殊教育資源中心2樓,澎湖縣,moe-cc-courses,只有場地名,1
中正集會所,新竹縣,moe-cc-courses,只有場地名,1
芎林上山活動中心,新竹縣,moe-cc-courses,只有場地名,1
大同來寮廣場,新竹縣,moe-cc-courses,只有場地名,1
JF太鼓中心,新竹縣,moe-cc-courses,只有場地名,1
人能舞蹈教室,新竹縣,moe-cc-courses,只有場地名,1
北埔國小,新竹縣,moe-cc-courses,只有場地名,1
北埔烘焙教室,新竹縣,moe-cc-courses,只有場地名,1
峨眉活動中心(丹桂宮),新竹縣,moe-cc-courses,只有場地名,1
竹東河濱公園田中伯公,新竹縣,moe-cc-courses,只有場地名,1
芎林荒野基金會,新竹縣,moe-cc-courses,只有場地名,1
尼普頓馬術創藝園區,新竹縣,moe-cc-courses,只有場地名,1
北埔鄉公所,新竹縣,moe-cc-courses,只有場地名,1
華山國民中學,新竹縣,moe-cc-courses,只有場地名,1
大肚國民小學,新竹縣,moe-cc-courses,只有場地名,1
竹東河濱公園紅磚屋,新竹縣,moe-cc-courses,只有場地名,1
古箏教室,新竹縣,moe-cc-courses,只有場地名,1
紙寮窩造紙工坊,新竹縣,moe-cc-courses,只有場地名,1
自強國中,新竹縣,moe-cc-courses,只有場地名,1
各個社區活動中心,新竹縣,moe-cc-courses,只有場地名,1
內灣廣濟宮,新竹縣,moe-cc-courses,只有場地名,1
竹東近郊及竹東人工濕地紅磚屋等地,新竹縣,moe-cc-courses,只有場地名,1
北埔圖書館,新竹縣,moe-cc-courses,只有場地名,1
新竹縣新埔鎮廣和路與號田新路交叉口,新竹縣,moe-cc-courses,只有場地名,1
天德堂,新竹縣,moe-cc-courses,只有場地名,1
新竹縣體育館北門對面,新竹縣,moe-cc-courses,只有場地名,1
線上,新竹縣,moe-cc-courses,只有場地名,1
烏來區公所,新北市,moe-cc-courses,只有場地名,1
立新國中,臺中市,moe-cc-courses,只有場地名,1
西榮里活動中心,臺中市,moe-cc-courses,只有場地名,1
來來溫水游泳池,臺中市,moe-cc-courses,只有場地名,1
藏藝會館,臺中市,moe-cc-courses,只有場地名,1
霧峰立法院民主草坪(戶外田調),臺中市,moe-cc-courses,只有場地名,1
新社區-月湖社區發展協會,臺中市,moe-cc-courses,只有場地名,1
東勢區-北興里活動中心,臺中市,moe-cc-courses,只有場地名,1
東勢區-山城谷中百合教會,臺中市,moe-cc-courses,只有場地名,1
東勢區-松苑山莊,臺中市,moe-cc-courses,只有場地名,1
新社區-詠惠生技,臺中市,moe-cc-courses,只有場地名,1
不定點戶外教學,彰化縣,moe-cc-courses,只有場地名,1
線上教室,臺北市,moe-cc-courses,只有場地名,1
其他,臺南市,moe-cc-courses,只有場地名,1
新營區長榮路二段,臺南市,moe-cc-courses,只有場地名,1
柳營聯合活動中心,臺南市,moe-cc-courses,只有場地名,1
芃芃藝術工作坊,澎湖縣,moe-cc-courses,只有場地名,1
白沙鄉小赤社區活動中心,澎湖縣,moe-cc-courses,只有場地名,1
樂畫17美術/音樂技藝短期補習班--樂畫17美術/音樂技藝短期補習班,花蓮縣,moe-cc-courses,只有場地名,1
陶藝工作室-陶魚館--陶藝工作室-陶魚館,花蓮縣,moe-cc-courses,只有場地名,1
戶外教室--戶外教室,花蓮縣,moe-cc-courses,只有場地名,1
生命線專班--瑜舞極集工作室,花蓮縣,moe-cc-courses,只有場地名,1
鳳林國小--鳳林國小,花蓮縣,moe-cc-courses,只有場地名,1
嘉義縣朴子市第一市場,嘉義縣,moe-cc-courses,只有場地名,1
澎湖縣身心障礙福利服務中心,澎湖縣,moe-cc-courses,只有場地名,1
戶外走讀(后里),臺中市,moe-cc-courses,只有場地名,1
豐原漆藝館,臺中市,moe-cc-courses,只有場地名,1
楊梅區高上路一段一號,桃園市,moe-cc-courses,只有場地名,1
桃園市楊梅區中山路125巷,桃園市,moe-cc-courses,只有場地名,1
七美鄉老人文康活動中心,澎湖縣,moe-cc-courses,只有場地名,1
離島出走工作室(湖西鄉紅羅社區),澎湖縣,moe-cc-courses,只有場地名,1
白沙鄉後寮社區活動中心,澎湖縣,moe-cc-courses,只有場地名,1
東衛天后宮廣場,澎湖縣,moe-cc-courses,只有場地名,1
朝陽社區活動中心2樓,澎湖縣,moe-cc-courses,只有場地名,1
朝陽里活動中心2樓,澎湖縣,moe-cc-courses,只有場地名,1
澎湖縣特教資源中心,澎湖縣,moe-cc-courses,只有場地名,1
臺東縣關山鎮豐泉里,臺東縣,moe-cc-courses,只有場地名,1
許叁陸工作室,澎湖縣,moe-cc-courses,只有場地名,1
西文槌球場,澎湖縣,moe-cc-courses,只有場地名,1
六甲恆安宮,臺南市,moe-cc-courses,只有場地名,1
七甲里活動中心,臺南市,moe-cc-courses,只有場地名,1
六甲玉美瑜珈教室,臺南市,moe-cc-courses,只有場地名,1
麻豆汽車修護教室,臺南市,moe-cc-courses,只有場地名,1
麻豆吉園休閒農場,臺南市,moe-cc-courses,只有場地名,1
六甲水星農場,臺南市,moe-cc-courses,只有場地名,1
麻豆柚香學堂,臺南市,moe-cc-courses,只有場地名,1
玉井二胡教室,臺南市,moe-cc-courses,只有場地名,1
新生舞蹈運動館,臺南市,moe-cc-courses,只有場地名,1
麻豆工藝教室,臺南市,moe-cc-courses,只有場地名,1
麻豆林素鳯舞蹈工作室,臺南市,moe-cc-courses,只有場地名,1
玉井德蘭啟智中心,臺南市,moe-cc-courses,只有場地名,1
吳素貞瑜珈教室,臺南市,moe-cc-courses,只有場地名,1
西嶼鄉小池角關懷據點 小池角關帝廟,澎湖縣,moe-cc-courses,只有場地名,1
望安鄉多功能活動中心,澎湖縣,moe-cc-courses,只有場地名,1
方圓美術館,臺南市,moe-cc-courses,只有場地名,1
佳里國中後港校區,臺南市,moe-cc-courses,只有場地名,1
晨寓咖啡-六安語軒,臺南市,moe-cc-courses,只有場地名,1
線上,新竹市,moe-cc-courses,只有場地名,1
六安分班 代天護國宮,臺南市,moe-cc-courses,只有場地名,1
羅老師工作室,臺南市,moe-cc-courses,只有場地名,1
線上教學,臺南市,moe-cc-courses,只有場地名,1
三寮灣東隆宮,臺南市,moe-cc-courses,只有場地名,1
二寮坑、紙湖、楔隘古道等,苗栗縣,moe-cc-courses,只有場地名,1
線上視訊課程,新竹市,moe-cc-courses,只有場地名,1
金山-金山高中(混成),新北市,moe-cc-courses,只有場地名,1
汐止區秀峰里活動中心,新北市,moe-cc-courses,只有場地名,1
城中里建成里活動中心,新北市,moe-cc-courses,只有場地名,1
秀峰里活動中心,新北市,moe-cc-courses,只有場地名,1
自強里活動中心,新北市,moe-cc-courses,只有場地名,1
新北市立圖書館萬里分館,新北市,moe-cc-courses,只有場地名,1
汐止區興福里市民活動中心,新北市,moe-cc-courses,只有場地名,1
樹林國小,新北市,moe-cc-courses,只有場地名,1
嘉義縣梅山鄉,嘉義縣,moe-cc-courses,只有場地名,1
衛武營藝術村,高雄市,moe-cc-courses,只有場地名,1
高雄文學館,高雄市,moe-cc-courses,只有場地名,1
旗津tha̍k冊,高雄市,moe-cc-courses,只有場地名,1
技工舍｜旗津社會開創基地,高雄市,moe-cc-courses,只有場地名,1
梁冠英李金碧作陶工作室,高雄市,moe-cc-courses,只有場地名,1
郝康屋工作室,高雄市,moe-cc-courses,只有場地名,1
美濃地區；依課程安排,高雄市,moe-cc-courses,只有場地名,1
杉林地區,高雄市,moe-cc-courses,只有場地名,1
旗美九區或外縣市；依課程安排,高雄市,moe-cc-courses,只有場地名,1
甲仙、內門地區；依課程安排,高雄市,moe-cc-courses,只有場地名,1
勞動力發展署北基宜花金馬分署,金門縣,mol-6614,只有場地名,1
半戶外球場,南投縣,nantou-cc-portal,只有場地名,1
1樓八年三班教室,南投縣,nantou-cc-portal,只有場地名,1
三樓電腦教室(三),南投縣,nantou-cc-portal,只有場地名,1
漳興國小-4F PBL教室,南投縣,nantou-cc-portal,只有場地名,1
漳興國小-4F古箏教室,南投縣,nantou-cc-portal,只有場地名,1
名間國小/音樂教室1,南投縣,nantou-cc-portal,只有場地名,1
南投縣立三和游泳池,南投縣,nantou-cc-portal,只有場地名,1
漳興國小-活動中心地下室,南投縣,nantou-cc-portal,只有場地名,1
漳興國小-4F電腦教室,南投縣,nantou-cc-portal,只有場地名,1
1樓八年二班教室,南投縣,nantou-cc-portal,只有場地名,1
草屯國小風雨球場,南投縣,nantou-cc-portal,只有場地名,1
草屯國小第二外校區(玉峰里活動中心),南投縣,nantou-cc-portal,只有場地名,1
古韻箏樂團(南投縣草屯鎮虎山路306號),南投縣,nantou-cc-portal,只有場地名,1
Google meet 線上授課,南投縣,nantou-cc-portal,只有場地名,1
草屯國小音樂教室1(二樓),南投縣,nantou-cc-portal,只有場地名,1
1樓八年一班教室,南投縣,nantou-cc-portal,只有場地名,1
2F舞蹈教室,南投縣,nantou-cc-portal,只有場地名,1
烘焙教室,南投縣,nantou-cc-portal,只有場地名,1
中寮國小2樓美勞教室,南投縣,nantou-cc-portal,只有場地名,1
集集活石窯陶藝園區,南投縣,nantou-cc-portal,只有場地名,1
中寮國小2樓會議室,南投縣,nantou-cc-portal,只有場地名,1
和平國小活動中心,南投縣,nantou-cc-portal,只有場地名,1
建興木材行(工藝教室),南投縣,nantou-cc-portal,只有場地名,1
永昌國小第一教室,南投縣,nantou-cc-portal,只有場地名,1
前山國小3F電腦教室,南投縣,nantou-cc-portal,只有場地名,1
YU手作美學（竹山鎮公所路43號）,南投縣,nantou-cc-portal,只有場地名,1
1樓中廊,南投縣,nantou-cc-portal,只有場地名,1
3-1教室,南投縣,nantou-cc-portal,只有場地名,1
木工教室,南投縣,nantou-cc-portal,只有場地名,1
2F電腦教室,南投縣,nantou-cc-portal,只有場地名,1
魚池鄉 親手窯,南投縣,nantou-cc-portal,只有場地名,1
校園中廊,南投縣,nantou-cc-portal,只有場地名,1
多元教室,南投縣,nantou-cc-portal,只有場地名,1
陶藝教室,南投縣,nantou-cc-portal,只有場地名,1
國立公共資訊圖書館總館-4樓閱覽區,,nlpi-activities,只有場地名,1
國立公共資訊圖書館總館-2樓藝文走廊,,nlpi-activities,只有場地名,1
總館-5樓青少年好Young館、總館-2樓第一會議室,,nlpi-activities,只有場地名,1
國立公共資訊圖書館總館-3樓世界之窗展區,,nlpi-activities,只有場地名,1
國立公共資訊圖書館總館-1樓兒童學習中心服務檯,,nlpi-activities,只有場地名,1
國立公共資訊圖書館總館-1樓流通服務檯,,nlpi-activities,只有場地名,1
國立公共資訊圖書館中興分館-3樓視聽室,,nlpi-activities,只有場地名,1
國立公共資訊圖書館總館-3樓世界繪本中心,,nlpi-activities,只有場地名,1
國立公共資訊圖書館總館-3樓樂齡學習區入口長廊,,nlpi-activities,只有場地名,1
國立公共資訊圖書館總館-3樓原住民族資料區,,nlpi-activities,只有場地名,1
國立公共資訊圖書館中興分館-4樓研習教室,,nlpi-activities,只有場地名,1
國立公共資訊圖書館總館-3樓期刊櫃檯,,nlpi-activities,只有場地名,1
國立公共資訊圖書館總館-1樓(6+7號電梯前)展區,,nlpi-activities,只有場地名,1
龍行新城活動中心,澎湖縣,penghu-cc-portal,只有場地名,1
朝陽里活動中心2樓,澎湖縣,penghu-cc-portal,只有場地名,1
澎湖縣特殊教育資源中心2樓,澎湖縣,penghu-cc-portal,只有場地名,1
澎湖縣身心障礙福利服務中心,澎湖縣,penghu-cc-portal,只有場地名,1
離島出走工作室(湖西鄉紅羅社區),澎湖縣,penghu-cc-portal,只有場地名,1
七美鄉老人文康活動中心,澎湖縣,penghu-cc-portal,只有場地名,1
許叁陸工作室,澎湖縣,penghu-cc-portal,只有場地名,1
舊南海燒烤前廣場,澎湖縣,penghu-cc-portal,只有場地名,1
朝陽社區活動中心2樓,澎湖縣,penghu-cc-portal,只有場地名,1
澎湖縣特教資源中心(馬公國小),澎湖縣,penghu-cc-portal,只有場地名,1
白沙鄉小赤社區活動中心,澎湖縣,penghu-cc-portal,只有場地名,1
岡林里活動中心,臺南市,tainan-cc-portal,只有場地名,1
小新營三代祖師廟,臺南市,tainan-cc-portal,只有場地名,1
花躲田間,臺南市,tainan-cc-portal,只有場地名,1
澄山社區活動中心,臺南市,tainan-cc-portal,只有場地名,1
南化老人文康中心,臺南市,tainan-cc-portal,只有場地名,1
中坑里活動中心,臺南市,tainan-cc-portal,只有場地名,1
線上教室,臺北市,taipei-cc,只有場地名,1
花博公園圓山園區,臺北市,taipei-cc,只有場地名,1
大湖公園,臺北市,taipei-cc,只有場地名,1
大安森林公園,臺北市,taipei-cc,只有場地名,1
幸安國小仁愛樓1樓校史中心,臺北市,taipei-cc,只有場地名,1
士林國小,臺北市,taipei-cc,只有場地名,1
忠孝國小會議室,臺北市,taipei-cc,只有場地名,1
雙永國小樂齡教室,臺北市,taipei-cc,只有場地名,1
臺北市中山區聚葉里辦公處,臺北市,taipei-senior-points,只有場地名,1
臺北市北投區智仁里辦公處,臺北市,taipei-senior-points,只有場地名,1
臺北市北投區桃源里辦公處,臺北市,taipei-senior-points,只有場地名,1
臺北市北投區湖山里辦公處,臺北市,taipei-senior-points,只有場地名,1
臺北市大同區永樂里辦公處,臺北市,taipei-senior-points,只有場地名,1
臺北市大同區真善美社區發展協會,臺北市,taipei-senior-points,只有場地名,1
臺北市松山區復盛里辦公處,臺北市,taipei-senior-points,只有場地名,1
臺北市松山區新東社區發展協會,臺北市,taipei-senior-points,只有場地名,1
臺北市長青福利會,臺北市,taipei-senior-points,只有場地名,1
臺北市體適能指導工作人員職業工會(福林里),臺北市,taipei-senior-points,只有場地名,1
財團法人佳音文教基金會,臺北市,taipei-senior-points,只有場地名,1
財團法人台北市中國基督教靈糧世界佈道會台北靈糧堂(松江靈糧福音中心),臺北市,taipei-senior-points,只有場地名,1
財團法人台北市基督教台灣貴格會(忠湖教會),臺北市,taipei-senior-points,只有場地名,1
財團法人台北市私立永年社會福利慈善基金會,臺北市,taipei-senior-points,只有場地名,1
財團法人天主教中華道明會,臺北市,taipei-senior-points,只有場地名,1
桃園市桃園區民權路六號四樓,桃園市,taiwanjobs,只有場地名,1
臺南市永康區南台街一號,臺南市,taiwanjobs,只有場地名,1
臺南市中西區樹林街二段,臺南市,taiwanjobs,只有場地名,1
臺北市中山區龍江路,臺北市,taiwanjobs,只有場地名,1
宜蘭縣羅東鎮中山路２段１２３號,宜蘭縣,taiwanjobs,只有場地名,1
桃園市桃園區中山北路４２號４樓,桃園市,taiwanjobs,只有場地名,1
高雄市,高雄市,taiwanjobs,只有場地名,1
宜蘭縣宜蘭市神農路一段一號,宜蘭縣,taiwanjobs,只有場地名,1
臺北市中山運動中心 1F休閒廣場,,xuanen-centers,只有場地名,1
汐止國民運動中心 汐止綜合運動場-跑道,,xuanen-centers,只有場地名,1
汐止國民運動中心 5樓體適能中心,,xuanen-centers,只有場地名,1
桃園國民運動中心 游泳池,,xuanen-centers,只有場地名,1
中壢國民運動中心 綜合球場,,xuanen-centers,只有場地名,1
新竹市立竹光國民運動中心 TRX教室,,xuanen-centers,只有場地名,1
新竹市立竹光國民運動中心 綜合球場,,xuanen-centers,只有場地名,1
八德國民運動中心 3F綜合球場,,xuanen-centers,只有場地名,1
宜蘭國民運動中心 體能教室1F,,xuanen-centers,只有場地名,1
三重國民運動中心 女性教室,,xuanen-centers,只有場地名,1
三重國民運動中心 多功能教室,,xuanen-centers,只有場地名,1
臺北市大同運動中心 五樓羽球場,,xuanen-centers,只有場地名,1
wdyg-wd28 101教室,,xuanen-centers,只有場地名,1
wdyg-wd33 動趣有氧教室,,xuanen-centers,只有場地名,1
wdyg-wd33 動趣多功能教室,,xuanen-centers,只有場地名,1
雲林縣虎尾全民運動館 101教室,,xuanen-centers,只有場地名,1
四湖老人會館,雲林縣,yunlin-cc,只有場地名,1
陳孟傑舞蹈學院,雲林縣,yunlin-cc,只有場地名,1
松西村活動中心,雲林縣,yunlin-cc,只有場地名,1
內湖國小,雲林縣,yunlin-cc,只有場地名,1
四湖88咖啡,雲林縣,yunlin-cc,只有場地名,1
秀惠拼布工房,雲林縣,yunlin-cc,只有場地名,1
水林張老師音樂教室,雲林縣,yunlin-cc,只有場地名,1
陳文遠耳鼻喉科3樓,雲林縣,yunlin-cc,只有場地名,1
水林通商號,雲林縣,yunlin-cc,只有場地名,1
浿咖啡,雲林縣,yunlin-cc,只有場地名,1
北港鎮灣內社區活動中心,雲林縣,yunlin-cc,只有場地名,1
